frame,conf,x1,y1,x2,y2,fuentes
2551,0.8369,674.3,82.7,843.7,381.8,vuelo
2551,0.8267,901.2,110.8,1014.4,389.8,vuelo
2552,0.7926,723.7,83.1,837.1,346.1,vuelo
2552,0.7392,907.1,126.0,1026.2,400.9,vuelo
2553,0.7494,906.1,135.8,1040.9,422.7,vuelo
2553,0.6973,762.8,97.0,857.1,357.0,vuelo
2554,0.6104,923.8,139.6,1046.3,428.8,vuelo
2554,0.5213,797.9,98.4,950.2,429.8,vuelo
2554,0.3385,798.9,97.7,931.5,347.6,vuelo
2554,0.2702,799.1,105.1,959.1,431.9,vuelo
2555,0.8226,777.4,91.0,904.9,350.3,vuelo
2555,0.8225,906.0,135.0,1021.1,431.2,vuelo
2556,0.895,891.4,167.6,1014.3,433.0,vuelo
2556,0.7303,780.1,105.2,923.0,350.0,vuelo
2557,0.8063,941.3,191.4,1047.0,428.9,vuelo
2557,0.2736,885.3,106.5,970.0,301.8,vuelo
2558,0.8379,990.2,200.7,1108.0,443.9,vuelo
2559,0.8923,1111.6,227.7,1241.9,454.7,vuelo
2559,0.3087,1113.0,229.5,1240.0,455.8,vuelo
2560,0.8149,1122.2,214.2,1269.4,460.4,vuelo
2560,0.4723,1122.1,213.3,1279.6,460.0,vuelo
2560,0.2742,1167.2,125.8,1253.8,291.0,vuelo
2561,0.4028,1126.1,128.2,1224.9,293.0,vuelo
2561,0.3313,1067.7,214.6,1228.4,482.8,vuelo
2561,0.3019,1066.8,216.6,1225.3,466.3,vuelo
2562,0.8266,974.8,231.1,1117.9,477.1,vuelo
2562,0.7239,1059.4,138.6,1147.4,336.8,vuelo
2563,0.8458,930.5,256.9,1055.4,482.7,vuelo
2563,0.8116,1042.9,133.0,1124.0,381.0,vuelo
2564,0.6931,1025.5,148.2,1150.5,430.2,vuelo
2564,0.6017,894.4,259.7,1014.8,482.8,vuelo
2565,0.8167,882.8,237.5,993.1,525.8,vuelo
2565,0.5825,1000.2,147.3,1144.6,357.5,vuelo
2565,0.2603,1001.4,147.5,1150.4,354.4,vuelo
2566,0.7626,1010.4,154.5,1160.7,413.5,vuelo
2566,0.725,892.5,257.8,1003.1,516.0,vuelo
2567,0.9243,1044.6,168.9,1177.9,388.6,vuelo
2567,0.859,897.5,269.3,1007.5,501.5,vuelo
2568,0.8614,924.5,277.3,1030.6,511.9,vuelo
2568,0.7499,1126.2,146.5,1243.7,381.7,vuelo
2569,0.919,919.0,283.0,1042.5,525.3,vuelo
2569,0.7422,1136.0,145.4,1265.3,367.8,vuelo
2569,0.659,1114.6,145.6,1263.1,370.5,vuelo
2569,0.2916,1112.7,145.6,1264.1,369.5,vuelo
2570,0.8442,1122.7,147.1,1294.5,393.0,vuelo
2570,0.5559,940.9,276.2,1041.8,519.2,vuelo
2571,0.9545,971.5,305.0,1079.9,517.1,vuelo
2571,0.6515,1210.1,146.5,1331.1,365.4,vuelo
2572,0.8265,1417.0,87.1,1501.7,307.3,vuelo
2572,0.7886,1130.7,296.5,1241.0,509.8,vuelo
2573,0.918,1451.0,67.9,1540.1,297.2,vuelo
2573,0.8685,1139.3,297.6,1266.9,516.5,vuelo
2574,0.6636,1057.9,274.9,1166.0,530.9,vuelo
2574,0.4942,1368.6,81.6,1500.4,290.5,vuelo
2574,0.2842,1057.9,274.9,1165.9,532.9,vuelo
2575,0.8733,1332.8,127.8,1442.2,296.0,vuelo
2575,0.7797,991.2,302.1,1092.8,514.3,vuelo
2576,0.87,1249.7,154.9,1392.6,349.1,vuelo
2576,0.7743,943.0,313.6,1046.2,533.2,vuelo
2577,0.7802,1248.4,176.8,1362.6,396.4,vuelo
2577,0.7393,903.0,358.4,1002.0,555.4,vuelo
2578,0.8199,885.8,375.3,983.2,574.6,vuelo
2578,0.8197,1275.8,190.9,1375.0,398.8,vuelo
2579,0.7982,875.3,377.9,976.6,597.5,vuelo
2579,0.2841,1289.0,205.6,1380.1,385.9,vuelo
2580,0.8861,871.1,373.4,976.3,599.4,vuelo
2580,0.6246,1285.0,233.0,1401.5,388.8,vuelo
2581,0.8836,874.0,393.0,972.8,585.4,vuelo
2581,0.7295,1283.6,193.1,1423.2,406.9,vuelo
2581,0.3102,1287.8,191.5,1424.0,405.2,vuelo
2582,0.7532,868.7,371.6,970.5,578.0,vuelo
2582,0.7491,1343.0,174.0,1440.6,377.7,vuelo
2582,0.5005,869.2,376.7,972.6,580.1,vuelo
2583,0.8354,1362.8,180.0,1449.3,366.4,vuelo
2583,0.8279,878.4,371.2,973.4,589.1,vuelo
2584,0.405,1362.0,187.2,1470.2,374.0,vuelo
2585,0.5747,850.7,410.3,950.4,593.9,vuelo
2585,0.4069,1331.4,197.4,1476.2,357.3,vuelo
2586,0.6253,829.0,387.0,921.7,528.2,vuelo
2587,0.8714,818.5,404.5,911.2,592.6,vuelo
2587,0.82,1338.6,236.5,1451.8,395.6,vuelo
2588,0.7139,1363.6,251.2,1472.3,424.4,vuelo
2589,0.9221,840.9,494.0,933.0,720.7,vuelo
2589,0.9159,1408.3,312.9,1516.7,480.8,vuelo
2590,0.6895,1418.5,309.0,1546.3,482.8,vuelo
2590,0.6653,859.0,520.6,946.1,679.5,vuelo
2590,0.4694,858.1,521.7,944.1,679.9,vuelo
2591,0.6921,1403.7,299.0,1523.5,471.1,vuelo
2591,0.6478,840.1,510.4,929.0,644.9,vuelo
2592,0.5938,806.3,527.9,898.2,699.5,vuelo
2593,0.5977,1372.4,260.2,1442.0,441.3,vuelo
2594,0.6783,721.4,550.6,816.5,697.3,vuelo
2594,0.5799,1334.1,246.9,1409.2,401.2,vuelo
2595,0.8775,683.6,542.0,782.6,710.8,vuelo
2595,0.7179,1276.6,238.0,1368.7,402.4,vuelo
2596,0.7522,651.1,549.5,750.6,694.5,vuelo
2596,0.627,1242.8,224.9,1354.6,380.8,vuelo
2597,0.8022,1229.6,194.0,1313.1,366.0,vuelo
2597,0.8018,619.9,525.5,729.8,704.7,vuelo
2598,0.7521,1256.7,180.4,1330.9,317.9,vuelo
2598,0.7135,630.6,545.6,734.9,692.2,vuelo
2598,0.3026,1260.7,179.4,1331.8,311.1,vuelo
2598,0.2748,1253.5,182.6,1328.2,317.1,vuelo
2599,0.7706,738.1,532.4,852.1,717.5,vuelo
2599,0.6335,1361.3,117.3,1435.7,281.0,vuelo
2600,0.7845,1319.1,124.9,1398.5,277.0,vuelo
2600,0.6285,679.1,518.2,792.8,698.1,vuelo
2600,0.3099,1322.1,124.1,1397.7,261.7,vuelo
2601,0.8148,1316.6,163.6,1416.1,310.8,vuelo
2601,0.6195,597.0,531.6,706.3,700.8,vuelo
2602,0.8396,1350.7,173.7,1461.0,312.5,vuelo
2602,0.2572,1383.3,171.2,1460.8,306.7,vuelo
2603,0.848,640.5,563.6,745.8,727.7,vuelo
2603,0.5584,1395.1,170.7,1474.0,314.4,vuelo
2604,0.8658,1355.0,195.6,1441.3,326.2,vuelo
2604,0.6965,597.1,554.4,692.3,717.5,vuelo
2604,0.5677,598.0,554.7,691.4,714.4,vuelo
2605,0.8904,1394.8,195.2,1485.1,330.3,vuelo
2606,0.9463,1403.3,184.5,1509.3,340.6,vuelo
2606,0.8242,625.8,574.4,727.2,729.7,vuelo
2607,0.724,1438.6,184.9,1547.0,311.8,vuelo
2608,0.2774,665.7,563.0,760.2,722.8,vuelo
2609,0.4598,687.2,559.4,767.7,680.8,vuelo
2609,0.3095,686.7,556.3,765.7,676.2,vuelo
2610,0.8688,1554.3,195.9,1650.9,314.9,vuelo
2610,0.3819,1560.1,196.7,1649.3,310.8,vuelo
2610,0.2546,700.5,568.2,787.7,694.1,vuelo
2611,0.9098,1559.1,192.0,1694.3,328.3,vuelo
2611,0.2524,1617.3,192.7,1694.0,313.2,vuelo
2612,0.5739,1585.5,196.9,1711.7,336.2,vuelo
2612,0.293,721.2,555.9,794.6,649.6,vuelo
2613,0.8795,1640.5,179.2,1739.5,338.0,vuelo
2613,0.6816,728.6,543.5,812.8,703.8,vuelo
2614,0.7299,731.3,539.2,824.3,694.6,vuelo
2614,0.6802,1676.3,183.0,1768.9,317.5,vuelo
2615,0.8893,1675.0,186.7,1776.1,323.4,vuelo
2615,0.326,731.1,541.6,808.3,637.6,vuelo
2616,0.8757,1666.9,191.6,1779.4,336.2,vuelo
2616,0.8386,733.3,542.1,814.3,682.7,vuelo
2616,0.3341,733.0,543.2,812.3,665.7,vuelo
2616,0.3141,1695.5,193.2,1777.7,319.9,vuelo
2617,0.8152,1699.3,195.9,1803.4,326.7,vuelo
2617,0.2538,1715.4,194.9,1802.7,324.9,vuelo
2618,0.7698,1731.9,195.4,1817.2,329.1,vuelo
2618,0.6787,734.9,543.6,830.0,713.9,vuelo
2619,0.8304,747.7,561.4,835.0,726.0,vuelo
2619,0.6903,1735.7,217.8,1830.0,333.2,vuelo
2619,0.4607,1732.9,215.9,1832.2,335.1,vuelo
2620,0.777,1746.0,238.6,1866.5,359.9,vuelo
2620,0.3174,759.3,591.5,832.5,670.7,vuelo
2620,0.2512,759.3,591.5,832.5,670.7,vuelo
2621,0.7962,1746.4,247.8,1871.1,374.7,vuelo
2621,0.4776,765.7,604.8,842.0,728.2,vuelo
2622,0.7539,1767.3,256.1,1896.9,396.1,vuelo
2622,0.571,761.6,593.6,837.4,693.6,vuelo
2623,0.679,1781.1,270.8,1905.1,387.5,vuelo
2623,0.3568,778.9,611.7,857.0,725.5,vuelo
2623,0.3547,778.6,612.9,858.0,731.3,vuelo
2624,0.6891,1828.1,263.0,1919.5,391.7,vuelo
2624,0.3875,1831.9,264.2,1917.7,388.6,vuelo
2624,0.308,780.2,606.9,854.8,701.8,vuelo
2625,0.6967,1828.0,252.8,1919.5,400.8,vuelo
2625,0.6093,782.2,602.6,860.5,761.7,vuelo
2626,0.3636,772.3,616.1,855.5,789.9,vuelo
2627,0.8525,1795.6,258.6,1905.6,395.9,vuelo
2627,0.7374,766.9,619.6,838.7,750.3,vuelo
2627,0.3108,767.3,618.6,839.0,744.5,vuelo
2628,0.8313,1802.8,238.4,1898.5,364.8,vuelo
2628,0.572,750.5,621.2,830.0,751.4,vuelo
2628,0.3268,1810.2,239.1,1897.8,355.7,vuelo
2629,0.3792,745.6,622.5,820.1,748.9,vuelo
2630,0.8281,1753.3,197.0,1845.2,320.5,vuelo
2630,0.535,1757.3,197.4,1843.3,320.9,vuelo
2631,0.7472,1723.2,181.5,1835.3,316.7,vuelo
2631,0.5467,725.4,630.7,799.9,765.2,vuelo
2631,0.3475,725.5,630.6,798.4,758.9,vuelo
2632,0.6483,1712.4,170.0,1817.4,299.6,vuelo
2632,0.5763,715.8,627.9,794.4,754.3,vuelo
2632,0.2689,716.3,627.1,789.2,732.1,vuelo
2633,0.7637,718.6,628.2,791.1,759.3,vuelo
2633,0.7636,1707.7,143.5,1803.9,270.3,vuelo
2633,0.4137,1714.1,142.8,1802.5,270.0,vuelo
2634,0.515,1715.3,139.0,1794.3,251.2,vuelo
2634,0.4883,705.5,620.0,783.5,741.0,vuelo
2634,0.4747,707.2,619.1,784.8,740.1,vuelo
2635,0.5191,1708.4,110.4,1782.0,263.8,vuelo
2635,0.4122,1709.3,114.7,1781.7,260.5,vuelo
2635,0.3481,706.3,645.1,775.7,732.3,vuelo
2636,0.5104,707.1,643.8,777.0,736.2,vuelo
2637,0.7023,1710.1,97.4,1778.8,248.4,vuelo
2638,0.5183,1717.9,110.1,1789.7,219.2,vuelo
2638,0.3264,727.6,658.6,802.1,783.7,vuelo
2638,0.2806,726.4,658.0,804.3,790.2,vuelo
2639,0.4282,741.7,657.9,833.2,817.4,vuelo
2639,0.3921,1741.9,90.9,1808.7,217.5,vuelo
2640,0.586,751.3,680.6,831.4,793.8,vuelo
2640,0.449,753.4,680.3,830.5,792.2,vuelo
2640,0.43,1737.2,81.7,1820.8,212.2,vuelo
2641,0.796,1777.8,87.8,1856.2,232.0,vuelo
2641,0.3853,772.2,664.3,841.0,782.3,vuelo
2641,0.3504,770.7,665.5,846.0,819.3,vuelo
2641,0.2531,1788.4,87.4,1855.6,218.2,vuelo
2746,0.6346,24.9,838.7,119.1,935.8,vuelo
2746,0.3664,754.9,534.5,810.7,618.3,vuelo
2747,0.5018,2.1,844.5,91.2,935.3,vuelo
2747,0.3291,733.4,533.9,788.2,632.6,vuelo
2748,0.4349,91.9,703.6,190.6,786.3,vuelo
2748,0.4143,731.3,386.9,805.8,495.5,vuelo
2748,0.3265,732.1,383.9,808.0,501.8,vuelo
2749,0.604,753.4,839.5,800.5,923.5,vuelo
2749,0.2719,142.8,721.6,240.1,827.1,vuelo
2750,0.2798,753.4,988.4,805.2,1075.1,vuelo
2750,0.2739,799.7,584.7,854.2,666.7,vuelo
2751,0.6852,160.2,874.9,266.3,983.3,vuelo
2751,0.3375,161.3,873.1,264.3,979.4,vuelo
2752,0.5681,802.7,597.1,857.1,710.9,vuelo
2753,0.3421,779.1,504.8,835.9,615.2,vuelo
2754,0.2694,164.2,721.3,240.7,811.8,vuelo
2754,0.266,738.4,856.6,787.4,952.0,vuelo
2755,0.5264,728.0,840.7,775.6,917.8,vuelo
2755,0.3348,160.1,686.2,233.5,795.2,vuelo
2756,0.5398,156.6,655.5,237.8,773.2,vuelo
2757,0.4509,718.1,810.4,766.0,900.3,vuelo
2758,0.4563,136.9,651.0,256.0,754.3,vuelo
2759,0.4166,123.0,608.5,305.7,883.1,vuelo
2760,0.4922,706.0,760.2,757.6,849.3,vuelo
2761,0.2849,717.0,742.0,769.3,837.2,vuelo
2761,0.2701,756.1,342.2,815.8,483.3,vuelo
2763,0.6851,778.1,346.2,836.3,453.1,vuelo
2763,0.3805,742.3,735.2,792.6,811.9,vuelo
2764,0.5765,788.9,304.4,852.4,437.2,vuelo
2764,0.3187,789.8,306.1,852.1,431.7,vuelo
2764,0.2992,279.3,513.0,358.1,621.4,vuelo
2765,0.6583,756.0,699.3,805.7,788.8,vuelo
2765,0.4181,797.3,309.9,856.5,427.2,vuelo
2767,0.5855,796.3,306.3,857.5,452.6,vuelo
2767,0.4376,795.9,317.7,856.0,451.7,vuelo
2768,0.8855,299.3,499.7,402.5,632.2,vuelo
2768,0.3485,780.0,325.7,850.5,457.6,vuelo
2768,0.2697,779.9,325.0,847.4,451.6,vuelo
2768,0.2505,740.4,719.1,791.0,810.1,vuelo
2769,0.7198,773.0,340.5,869.7,536.9,vuelo
2769,0.3324,273.9,482.8,396.8,649.2,vuelo
2771,0.2615,738.6,339.1,797.7,454.6,vuelo
2772,0.3572,274.4,512.9,349.1,608.1,vuelo
2772,0.3225,731.4,340.4,791.2,460.0,vuelo
2773,0.607,718.5,340.9,778.7,459.3,vuelo
2773,0.3564,273.4,516.0,361.1,642.3,vuelo
2773,0.3463,270.7,516.0,364.1,643.7,vuelo
2774,0.4715,704.6,419.3,762.9,533.4,vuelo
2774,0.4061,266.9,596.5,376.2,727.6,vuelo
2775,0.6428,694.9,506.7,755.6,625.1,vuelo
2775,0.5343,693.9,506.8,756.0,628.0,vuelo
2776,0.5868,242.7,701.5,333.2,829.0,vuelo
2776,0.3832,678.0,522.1,740.1,627.8,vuelo
2776,0.3602,241.6,696.9,326.9,827.3,vuelo
2776,0.3395,678.3,525.6,741.9,632.1,vuelo
2777,0.807,246.5,694.9,338.3,829.3,vuelo
2777,0.3834,680.1,534.4,739.5,636.7,vuelo
2778,0.3384,260.8,608.6,334.8,715.5,vuelo
2778,0.3025,680.7,456.2,744.3,590.1,vuelo
2779,0.4092,678.4,336.5,739.7,449.1,vuelo
2780,0.5688,684.4,286.8,753.3,438.5,vuelo
2780,0.4228,297.4,453.9,406.9,539.4,vuelo
2780,0.2927,659.5,692.7,713.1,777.4,vuelo
2781,0.2688,663.5,665.4,713.5,747.0,vuelo
2781,0.2525,316.7,425.7,384.2,538.3,vuelo
2782,0.6292,691.1,266.4,752.6,381.8,vuelo
2782,0.2749,691.6,264.3,752.9,386.8,vuelo
2783,0.4587,708.1,277.7,764.6,399.4,vuelo
2783,0.3817,688.0,648.0,743.0,735.9,vuelo
2783,0.3024,709.8,280.1,764.8,399.7,vuelo
2784,0.5359,752.5,281.0,809.0,385.4,vuelo
2784,0.5174,432.4,424.5,501.6,536.4,vuelo
2784,0.3773,752.7,283.1,810.1,389.2,vuelo
2785,0.653,799.1,291.4,859.1,410.3,vuelo
2785,0.3088,485.8,425.8,552.8,510.2,vuelo
2786,0.4809,789.4,279.6,849.2,380.6,vuelo
2786,0.3111,471.2,417.2,559.7,527.0,vuelo
2787,0.7167,774.0,273.4,829.4,380.6,vuelo
2788,0.4819,756.7,291.7,817.6,415.9,vuelo
2788,0.461,460.4,411.6,558.3,546.1,vuelo
2788,0.4409,754.9,292.5,822.4,420.3,vuelo
2789,0.7124,454.1,414.4,549.3,540.2,vuelo
2789,0.5566,755.5,297.8,822.6,458.1,vuelo
2789,0.3715,756.1,297.7,814.1,422.2,vuelo
2790,0.74,451.6,404.5,537.5,540.9,vuelo
2790,0.3534,710.1,697.5,762.9,782.4,vuelo
2790,0.2902,452.8,400.9,535.2,537.7,vuelo
2791,0.631,460.2,423.7,523.2,532.1,vuelo
2791,0.3641,731.1,330.5,789.2,434.7,vuelo
2792,0.4942,447.2,423.7,539.5,545.1,vuelo
2792,0.3926,724.4,329.0,785.4,448.9,vuelo
2793,0.5407,725.3,341.7,781.6,452.9,vuelo
2793,0.4171,448.9,426.7,540.7,546.7,vuelo
2794,0.468,715.6,350.0,779.5,456.4,vuelo
2795,0.4713,707.8,341.3,781.0,466.4,vuelo
2795,0.2945,463.9,418.8,534.4,542.1,vuelo
2796,0.3025,460.4,401.3,536.6,520.2,vuelo
2797,0.4395,699.2,281.4,762.1,414.4,vuelo
2797,0.4017,455.6,362.5,526.3,494.9,vuelo
2797,0.2543,698.5,284.8,759.3,412.7,vuelo
2798,0.6335,441.8,333.4,520.3,441.1,vuelo
2798,0.4305,684.4,267.0,754.5,403.5,vuelo
2798,0.2791,685.0,265.4,745.6,397.3,vuelo
2799,0.7058,658.0,647.1,709.8,736.2,vuelo
2799,0.3505,445.4,319.9,520.7,439.2,vuelo
2799,0.2859,671.5,269.0,739.2,380.5,vuelo
2800,0.7264,354.2,359.6,457.6,476.7,vuelo
2800,0.2918,579.4,698.4,631.0,785.5,vuelo
2802,0.6572,561.6,315.7,645.4,440.6,vuelo
2802,0.5181,364.9,358.8,465.7,485.9,vuelo
2802,0.2753,564.4,315.2,645.6,437.9,vuelo
2803,0.7214,575.9,325.0,643.5,435.3,vuelo
2803,0.2945,379.2,356.7,438.3,465.4,vuelo
2804,0.7516,387.8,339.7,469.3,473.9,vuelo
2804,0.4943,574.2,310.0,649.0,435.5,vuelo
2804,0.4937,575.9,311.0,648.3,433.6,vuelo
2804,0.2966,390.1,342.0,470.8,470.7,vuelo
2805,0.7031,588.4,314.9,657.7,434.4,vuelo
2805,0.6518,589.2,313.6,658.3,430.5,vuelo
2805,0.2623,597.9,693.7,652.3,772.9,vuelo
2806,0.2639,607.0,679.7,652.2,763.1,vuelo
2807,0.7178,601.6,321.1,666.1,434.9,vuelo
2807,0.5124,439.9,335.2,523.3,451.6,vuelo
2807,0.2996,440.2,335.7,524.7,452.3,vuelo
2808,0.6621,596.5,319.9,660.8,434.4,vuelo
2808,0.5937,440.3,335.1,530.7,447.9,vuelo
2808,0.4029,596.6,319.0,661.5,438.1,vuelo
2808,0.2603,440.1,335.7,528.8,448.1,vuelo
2808,0.2539,591.2,681.4,642.6,766.5,vuelo
2809,0.3965,419.0,335.8,505.0,446.8,vuelo
2809,0.3381,570.5,319.9,645.9,437.8,vuelo
2810,0.3634,424.0,329.5,497.1,436.0,vuelo
2810,0.3435,564.4,324.1,636.5,437.5,vuelo
2811,0.586,571.3,699.9,620.2,772.1,vuelo
2812,0.2919,459.7,302.1,523.4,400.2,vuelo
2813,0.6214,645.4,283.3,713.0,390.7,vuelo
2813,0.3354,525.2,270.1,612.6,385.6,vuelo
2813,0.31,524.6,269.9,616.6,386.8,vuelo
2814,0.7316,725.7,268.8,781.7,369.7,vuelo
2814,0.3298,621.4,250.6,698.9,354.8,vuelo
2814,0.319,621.6,252.3,702.0,358.1,vuelo
2815,0.5803,750.7,606.5,796.4,689.8,vuelo
2815,0.4899,790.8,250.7,845.1,348.1,vuelo
2815,0.3605,697.2,226.1,763.7,345.7,vuelo
2816,0.6361,828.1,243.8,883.8,350.8,vuelo
2816,0.5919,737.0,219.4,811.2,339.7,vuelo
2817,0.7178,794.2,207.4,849.0,326.7,vuelo
2817,0.5739,871.7,238.9,927.6,333.7,vuelo
2817,0.4922,805.6,598.7,857.0,681.1,vuelo
2817,0.481,872.4,240.5,929.2,339.6,vuelo
2818,0.6477,895.1,242.6,949.9,356.2,vuelo
2818,0.4741,820.7,211.0,880.2,335.3,vuelo
2818,0.3026,822.9,212.2,880.1,331.5,vuelo
2819,0.6073,837.4,213.3,887.3,335.4,vuelo
2819,0.5474,897.8,242.0,953.0,364.6,vuelo
2819,0.3615,823.1,598.6,873.4,685.9,vuelo
2820,0.5845,846.4,218.1,893.5,330.8,vuelo
2820,0.4138,899.5,254.5,950.4,353.5,vuelo
2820,0.2807,847.0,218.4,894.5,332.6,vuelo
2821,0.4709,836.4,224.6,884.9,338.3,vuelo
2821,0.329,886.6,258.3,938.9,349.4,vuelo
2822,0.438,792.4,612.3,843.7,719.6,vuelo
2823,0.5889,820.6,241.6,873.7,342.7,vuelo
2824,0.3514,808.9,253.2,887.1,391.1,vuelo
2825,0.3751,749.0,647.3,797.8,740.2,vuelo
2825,0.2892,1704.6,472.6,1791.6,564.1,vuelo
2825,0.2738,801.4,250.8,873.5,400.9,vuelo
2826,0.3327,738.2,653.6,786.9,729.0,vuelo
2827,0.6816,796.9,320.3,874.8,492.4,vuelo
2828,0.8988,789.7,457.8,879.1,623.1,vuelo
2828,0.4568,728.1,864.1,776.0,946.7,vuelo
2829,0.387,784.3,534.0,853.6,681.7,vuelo
2830,0.4991,800.0,560.9,843.7,661.0,vuelo
2830,0.4377,704.2,974.1,754.9,1074.1,vuelo
2831,0.5798,770.7,591.9,829.4,713.4,vuelo
2831,0.4362,801.9,555.4,845.6,658.1,vuelo
2832,0.6818,809.8,499.4,856.7,595.5,vuelo
2832,0.3819,714.8,915.7,761.9,1015.6,vuelo
2833,0.5026,835.8,454.2,901.0,555.6,vuelo
2834,0.3583,855.2,340.1,919.7,461.8,vuelo
2835,0.6057,757.1,597.8,807.0,681.6,vuelo
2835,0.51,870.8,198.3,929.0,312.0,vuelo
2835,0.4555,807.6,243.7,865.1,337.8,vuelo
2836,0.6772,757.7,571.1,805.3,647.5,vuelo
2836,0.3619,879.4,178.1,929.7,265.8,vuelo
2836,0.3151,812.6,220.2,866.1,320.7,vuelo
2837,0.7339,903.2,113.7,953.5,216.1,vuelo
2837,0.4963,829.7,167.2,882.8,273.1,vuelo
2837,0.3605,774.9,514.0,821.9,587.6,vuelo
2838,0.8018,915.2,98.4,968.0,195.6,vuelo
2838,0.7196,834.5,143.3,895.6,248.0,vuelo
2838,0.5451,790.0,476.4,837.4,559.2,vuelo
2839,0.6052,849.0,131.1,906.0,240.3,vuelo
2839,0.5184,933.5,84.1,1003.2,189.2,vuelo
2840,0.7579,845.6,146.1,902.0,261.8,vuelo
2840,0.4638,937.6,103.8,1001.6,200.8,vuelo
2841,0.4935,855.6,144.7,906.6,248.1,vuelo
2841,0.4556,796.0,480.9,842.7,563.0,vuelo
2841,0.2727,955.4,107.3,1015.6,193.1,vuelo
2842,0.6912,872.2,144.5,921.5,266.4,vuelo
2842,0.3451,977.9,104.2,1031.5,210.1,vuelo
2842,0.3352,812.4,488.1,856.4,563.4,vuelo
2843,0.5531,986.6,104.6,1037.8,208.0,vuelo
2843,0.4613,874.1,143.4,931.3,266.8,vuelo
2844,0.6988,865.5,164.2,920.7,264.3,vuelo
2844,0.5583,985.3,128.8,1033.2,222.8,vuelo
2844,0.3066,814.6,485.7,860.5,569.8,vuelo
2845,0.7438,990.6,106.8,1051.0,213.1,vuelo
2845,0.7234,870.5,149.3,920.5,264.6,vuelo
2846,0.4541,859.2,114.4,911.3,242.7,vuelo
2846,0.2848,990.5,67.3,1050.2,170.0,vuelo
2846,0.2559,803.5,446.3,851.2,532.4,vuelo
2847,0.6496,985.0,12.6,1044.8,102.2,vuelo
2847,0.5816,843.2,47.5,900.2,150.7,vuelo
2848,0.4179,788.3,333.3,833.8,415.7,vuelo
2848,0.2519,988.2,1.3,1034.7,68.7,vuelo
2850,0.8174,1007.0,36.2,1062.4,132.7,vuelo
2850,0.6369,765.5,403.9,809.9,483.3,vuelo
2850,0.5481,809.0,77.3,862.6,188.0,vuelo
2851,0.7822,1023.5,30.5,1064.9,132.1,vuelo
2851,0.4748,809.5,74.1,859.4,187.4,vuelo
2851,0.3665,2.8,865.3,89.3,917.7,vuelo
2852,0.6188,1023.1,19.8,1067.7,134.3,vuelo
2852,0.5609,803.2,63.9,855.3,198.9,vuelo
2852,0.4471,803.8,62.5,856.8,199.8,vuelo
2852,0.3794,3.1,866.0,88.7,917.0,vuelo
2853,0.6552,1024.5,17.6,1078.2,128.6,vuelo
2853,0.4836,802.3,56.8,857.9,192.2,vuelo
2853,0.3595,2.4,855.3,88.2,912.1,vuelo
2853,0.2747,800.7,57.4,854.7,179.7,vuelo
2854,0.5498,799.7,56.7,856.3,190.6,vuelo
2854,0.5125,800.9,52.1,858.0,191.0,vuelo
2854,0.3347,1.8,832.9,79.2,890.4,vuelo
2854,0.2583,1030.6,7.9,1084.4,116.9,vuelo
2855,0.4954,809.3,51.4,859.0,176.4,vuelo
2855,0.4508,758.9,358.9,807.3,439.2,vuelo
2855,0.4028,1044.0,3.7,1096.7,103.0,vuelo
2856,0.6715,822.8,41.1,876.9,157.5,vuelo
2856,0.2876,1068.5,2.2,1123.4,100.2,vuelo
2857,0.4805,1100.3,6.9,1146.8,102.3,vuelo
2857,0.4722,848.0,39.7,903.0,154.0,vuelo
2858,0.7423,875.4,31.8,928.9,144.5,vuelo
2858,0.5146,1147.9,2.1,1188.8,106.5,vuelo
2859,0.6445,895.5,43.9,947.5,148.7,vuelo
2859,0.5897,1167.5,3.5,1221.8,100.0,vuelo
2859,0.589,844.9,359.6,890.1,436.8,vuelo
2859,0.2519,60.0,760.2,155.6,826.4,vuelo
2860,0.5739,903.6,51.4,955.0,158.8,vuelo
2860,0.4469,1171.3,13.0,1242.4,115.5,vuelo
2860,0.4105,845.0,369.5,888.7,437.6,vuelo
2861,0.6916,856.0,390.2,902.3,468.8,vuelo
2861,0.4534,68.1,763.4,159.5,841.1,vuelo
2861,0.419,1199.5,27.7,1258.0,137.9,vuelo
2861,0.3064,911.6,70.5,965.6,174.9,vuelo
2861,0.2634,912.5,68.4,963.2,167.9,vuelo
2862,0.7113,1190.8,44.5,1259.0,143.0,vuelo
2862,0.6285,910.9,80.7,964.3,201.1,vuelo
2862,0.59,851.2,404.0,897.3,481.6,vuelo
2862,0.2803,1116.9,405.1,1164.8,457.9,vuelo
2863,0.7698,1201.9,49.9,1255.8,170.9,vuelo
2863,0.6328,848.7,416.2,892.7,498.4,vuelo
2863,0.3205,906.9,106.1,959.4,230.6,vuelo
2864,0.7536,1217.9,36.5,1265.9,147.2,vuelo
2864,0.312,903.8,80.5,954.8,213.8,vuelo
2865,0.6388,903.3,90.5,952.3,206.6,vuelo
2865,0.6363,1217.5,46.5,1265.9,152.4,vuelo
2865,0.3584,833.4,416.9,879.2,483.3,vuelo
2866,0.6943,897.2,77.8,949.1,206.7,vuelo
2866,0.481,1218.3,37.1,1275.7,134.3,vuelo
2866,0.4803,832.5,405.6,876.7,468.0,vuelo
2866,0.4203,1217.1,37.2,1273.2,136.7,vuelo
2867,0.7818,895.5,59.3,947.1,160.1,vuelo
2867,0.6952,832.1,382.9,878.5,464.8,vuelo
2867,0.6564,1216.9,13.9,1280.9,117.7,vuelo
2868,0.7282,1224.0,5.5,1284.2,110.3,vuelo
2868,0.6518,895.0,52.3,944.6,160.3,vuelo
2868,0.5049,831.7,367.5,878.6,455.3,vuelo
2869,0.6602,891.2,46.5,943.3,168.1,vuelo
2869,0.5419,1226.4,2.2,1281.7,111.7,vuelo
2869,0.3164,1227.0,1.9,1283.4,112.2,vuelo
2870,0.7618,1239.7,2.2,1289.7,97.9,vuelo
2870,0.622,890.0,38.9,939.8,165.8,vuelo
2870,0.499,825.0,358.1,872.2,433.7,vuelo
2871,0.7254,1239.6,0.9,1284.0,75.0,vuelo
2871,0.5627,815.1,346.6,857.7,417.4,vuelo
2872,0.3577,1242.2,1.9,1295.6,67.0,vuelo
2873,0.4326,1237.0,0.0,1305.4,76.7,vuelo
2873,0.3217,1233.4,1.0,1304.2,78.1,vuelo
2873,0.2761,872.8,25.0,925.7,120.0,vuelo
2874,0.5347,1244.6,0.7,1313.9,75.3,vuelo
2874,0.4081,877.3,25.7,926.6,140.4,vuelo
2875,0.6869,864.0,29.6,918.4,145.4,vuelo
2875,0.435,1233.4,1.2,1298.6,71.3,vuelo
2876,0.6374,865.5,14.8,918.7,118.3,vuelo
2876,0.542,1252.9,1.8,1306.1,63.5,vuelo
2877,0.5906,1260.0,0.0,1312.7,76.5,vuelo
2878,0.3731,933.9,38.9,988.8,154.5,vuelo
2878,0.3623,894.8,363.2,939.7,436.3,vuelo
2878,0.3223,1349.8,1.2,1393.4,53.8,vuelo
2879,0.6201,1023.2,34.5,1073.4,155.9,vuelo
2879,0.3192,998.7,340.6,1049.2,427.1,vuelo
2880,0.5476,1038.3,35.0,1091.3,130.6,vuelo
2881,0.3658,983.2,21.5,1033.3,110.9,vuelo
2881,0.3495,940.9,346.9,984.1,424.3,vuelo
2882,0.5355,936.9,11.0,986.8,113.2,vuelo
2882,0.2649,1.9,988.9,105.6,1067.3,vuelo
2883,0.3496,905.1,12.6,960.8,150.7,vuelo
2884,0.4451,893.7,6.1,944.9,101.1,vuelo
2884,0.415,894.7,6.0,944.0,92.3,vuelo
2884,0.3894,11.3,706.7,111.9,784.2,vuelo
2884,0.2658,1356.9,0.0,1408.3,59.7,vuelo
2885,0.49,823.2,335.7,870.8,406.0,vuelo
2885,0.384,898.0,5.7,949.7,137.4,vuelo
2885,0.2773,4.3,692.9,101.1,784.9,vuelo
2886,0.5283,899.6,11.4,953.6,151.1,vuelo
2886,0.3207,4.4,704.5,110.1,782.6,vuelo
2886,0.2989,899.1,12.0,952.2,148.0,vuelo
2887,0.6875,861.4,356.4,905.0,447.9,vuelo
2887,0.5073,916.1,48.4,976.2,147.2,vuelo
2887,0.4827,1381.0,1.4,1456.9,73.6,vuelo
2887,0.2551,62.9,737.1,161.2,823.8,vuelo
2888,0.6475,996.0,74.1,1048.7,181.6,vuelo
2888,0.333,943.1,397.8,987.1,479.0,vuelo
2889,0.5968,1430.9,1.8,1487.7,78.5,vuelo
2889,0.3094,942.5,70.7,987.6,138.3,vuelo
2890,0.7268,1400.6,1.9,1454.8,93.8,vuelo
2890,0.5964,895.1,77.7,948.0,187.4,vuelo
2890,0.2849,836.4,390.7,881.9,458.2,vuelo
2891,0.7874,1346.9,5.2,1403.0,97.1,vuelo
2891,0.5123,841.0,65.3,893.2,168.2,vuelo
2892,0.7407,1325.8,0.7,1386.3,92.8,vuelo
2892,0.4978,748.5,379.9,794.5,459.2,vuelo
2892,0.2894,813.3,58.2,866.0,195.0,vuelo
2893,0.8189,1294.0,2.5,1363.0,88.4,vuelo
2894,0.7212,752.8,53.1,805.3,164.8,vuelo
2894,0.617,1276.0,0.6,1338.7,72.1,vuelo
2895,0.6725,743.3,41.8,798.3,158.1,vuelo
2895,0.3717,1281.1,1.9,1333.7,57.8,vuelo
2896,0.4639,726.7,30.6,782.8,154.2,vuelo
2898,0.5705,714.3,28.9,779.9,145.9,vuelo
2898,0.2699,668.3,358.6,717.2,437.7,vuelo
2899,0.762,715.9,5.6,772.3,142.9,vuelo
2899,0.305,715.4,7.7,774.6,140.7,vuelo
2900,0.6156,719.0,11.0,773.6,131.5,vuelo
2900,0.3182,665.7,338.0,711.7,411.3,vuelo
2901,0.7193,698.7,3.7,752.5,113.9,vuelo
2902,0.4511,617.8,299.7,663.9,360.3,vuelo
2903,0.5135,728.0,265.8,773.5,343.0,vuelo
2904,0.5651,729.0,297.9,772.7,355.6,vuelo
2905,0.3316,717.3,290.0,763.2,362.2,vuelo
2906,0.6929,704.4,285.1,752.9,377.8,vuelo
2908,0.4997,689.3,292.5,738.0,372.5,vuelo
2910,0.6396,691.7,287.5,737.3,362.6,vuelo
2912,0.6315,706.9,269.8,750.9,353.3,vuelo
2913,0.527,1534.5,3.1,1604.1,58.6,vuelo
2913,0.3773,804.1,1.9,855.2,89.5,vuelo
2914,0.282,1554.2,21.9,1637.5,129.8,vuelo
2914,0.2793,822.8,80.9,872.7,175.1,vuelo
2915,0.751,1575.2,122.5,1654.9,226.4,vuelo
2915,0.3033,846.7,180.1,896.0,257.5,vuelo
2915,0.301,845.1,187.2,901.9,294.1,vuelo
2916,0.7531,1611.0,160.6,1672.8,291.7,vuelo
2916,0.6005,1610.4,159.9,1675.4,293.0,vuelo
2916,0.2962,868.6,236.9,923.5,366.0,vuelo
2917,0.539,1630.9,170.2,1695.4,310.8,vuelo
2917,0.2549,881.8,247.6,931.2,366.2,vuelo
2918,0.6235,1615.0,184.0,1690.5,288.2,vuelo
2918,0.5829,870.5,242.6,921.3,354.7,vuelo
2919,0.6869,1629.1,152.8,1712.2,287.0,vuelo
2919,0.514,882.5,235.4,930.3,358.0,vuelo
2919,0.3143,1628.8,152.4,1710.1,286.3,vuelo
2920,0.659,1612.7,149.1,1701.0,263.4,vuelo
2920,0.4777,866.6,207.8,919.1,321.6,vuelo
2921,0.6257,1597.4,142.9,1673.9,245.3,vuelo
2921,0.3345,852.4,179.9,900.4,262.6,vuelo
2921,0.3035,850.0,183.2,905.8,293.5,vuelo
2921,0.291,755.8,476.7,799.4,540.3,vuelo
2921,0.2659,756.0,476.7,800.3,543.1,vuelo
2922,0.7772,1600.1,130.0,1667.8,233.7,vuelo
2922,0.4315,749.0,461.9,791.7,531.5,vuelo
2922,0.3436,845.8,175.1,893.8,267.5,vuelo
2923,0.7213,1600.6,116.8,1665.8,232.9,vuelo
2923,0.703,837.2,184.7,916.0,358.9,vuelo
2924,0.6134,822.3,191.9,875.7,309.5,vuelo
2924,0.5633,1572.3,134.1,1645.6,251.4,vuelo
2925,0.6775,1546.0,129.8,1621.2,239.9,vuelo
2925,0.6227,800.4,186.1,850.8,296.8,vuelo
2926,0.4444,1524.2,87.3,1621.8,207.3,vuelo
2927,0.4759,1508.5,39.7,1582.4,131.5,vuelo
2927,0.4416,774.9,101.2,834.1,216.9,vuelo
2927,0.3054,1510.7,24.9,1606.5,131.3,vuelo
2927,0.2965,775.4,103.3,858.6,281.9,vuelo
2928,0.5557,766.0,29.7,819.0,141.5,vuelo
2928,0.4201,1530.1,0.4,1585.9,56.1,vuelo
2929,0.4045,692.7,287.2,735.9,343.1,vuelo
2931,0.2567,941.0,230.6,965.9,274.8,vuelo
2932,0.2795,686.9,229.3,726.4,307.2,vuelo
2933,0.3078,689.1,261.5,726.1,314.7,vuelo
2934,0.5801,686.0,271.5,725.2,328.6,vuelo
2936,0.449,708.7,275.6,743.8,334.0,vuelo
2937,0.5816,750.4,11.1,799.1,108.0,vuelo
2937,0.3943,0.9,795.0,70.0,872.7,vuelo
2938,0.5943,42.8,615.6,118.5,669.8,vuelo
2938,0.5552,742.3,14.8,785.8,114.0,vuelo
2939,0.4565,734.7,29.3,785.6,127.7,vuelo
2939,0.3876,49.0,619.2,123.7,680.6,vuelo
2939,0.3356,697.6,294.5,734.0,356.8,vuelo
2940,0.3231,730.8,1.9,786.6,121.6,vuelo
2941,0.4628,688.8,239.6,725.2,294.5,vuelo
2943,0.6506,89.4,566.6,161.4,630.0,vuelo
2944,0.3193,30.1,738.4,115.1,805.6,vuelo
2945,0.6317,746.0,0.1,823.7,155.6,vuelo
2945,0.5084,749.3,0.2,796.8,100.1,vuelo
2945,0.4123,15.7,724.0,104.3,809.7,vuelo
2946,0.4959,747.1,11.9,789.8,107.5,vuelo
2946,0.4012,1838.1,621.9,1918.6,729.7,vuelo
2946,0.3188,4.2,733.7,83.4,811.9,vuelo
2947,0.4034,738.7,47.0,815.6,191.4,vuelo
2948,0.7067,19.3,772.1,100.0,835.2,vuelo
2949,0.7675,737.1,60.6,781.1,165.3,vuelo
2949,0.3619,688.1,298.4,727.6,364.0,vuelo
2949,0.2635,71.4,601.7,147.0,654.8,vuelo
2950,0.67,15.6,758.7,99.6,827.4,vuelo
2950,0.4221,744.0,52.8,783.6,144.1,vuelo
2950,0.257,692.6,319.0,730.3,376.8,vuelo
2951,0.777,1624.8,51.2,1690.2,132.0,vuelo
2951,0.7062,831.8,126.5,873.8,211.2,vuelo
2952,0.7739,1643.2,0.0,1700.3,72.2,vuelo
2952,0.7255,831.5,56.9,872.6,148.5,vuelo
2952,0.6381,139.7,668.9,208.2,738.4,vuelo
2952,0.5061,194.1,517.6,261.6,583.8,vuelo
2952,0.3547,1828.4,650.4,1882.6,696.1,vuelo
2952,0.2735,1827.6,649.0,1899.1,760.7,vuelo
3000,0.5489,1422.3,310.4,1475.2,391.8,vuelo
3000,0.3228,915.7,46.0,969.2,142.9,vuelo
3000,0.3028,1055.3,31.1,1108.6,118.3,vuelo
3000,0.2518,1056.5,21.6,1108.6,116.9,vuelo
3003,0.7765,1419.9,130.6,1468.0,221.2,vuelo
3004,0.5708,1432.2,112.8,1480.6,201.4,vuelo
3005,0.3511,1429.6,130.4,1469.2,208.4,vuelo
3006,0.3253,1416.7,177.6,1460.5,259.1,vuelo
3007,0.4017,687.6,0.6,714.9,45.1,vuelo
3008,0.4437,695.4,2.6,719.5,41.4,vuelo
3009,0.3778,698.9,3.5,724.3,38.3,vuelo
3010,0.2582,712.6,9.4,736.2,49.1,vuelo
3011,0.6224,474.2,22.2,506.8,110.0,vuelo
3012,0.3358,726.5,18.7,752.4,67.6,vuelo
3018,0.5999,1031.9,127.3,1081.9,216.3,vuelo
3018,0.3247,1169.6,126.3,1214.9,205.8,vuelo
3019,0.4666,1349.1,455.2,1395.1,533.9,vuelo
3019,0.3778,1044.8,145.4,1088.6,238.4,vuelo
3020,0.4581,746.3,38.9,777.5,101.7,vuelo
3021,0.3882,758.9,35.4,790.8,100.0,vuelo
3021,0.2541,713.2,208.2,740.8,258.7,vuelo
3022,0.6927,1419.8,435.0,1465.4,524.4,vuelo
3022,0.6354,1096.3,140.9,1145.0,231.5,vuelo
3022,0.552,1230.8,128.3,1273.3,213.2,vuelo
3022,0.5287,764.5,21.4,794.2,77.7,vuelo
3022,0.4351,970.3,154.0,1010.5,246.5,vuelo
3022,0.3993,720.5,210.1,746.3,254.1,vuelo
3022,0.3292,968.5,150.3,1009.8,239.5,vuelo
3023,0.4078,782.0,24.0,812.0,76.2,vuelo
3023,0.3072,1445.1,427.9,1489.0,508.5,vuelo
3023,0.2851,739.1,194.2,764.9,243.2,vuelo
3024,0.4324,1421.1,417.9,1467.9,494.1,vuelo
3024,0.3997,1108.3,112.1,1159.7,200.6,vuelo
3025,0.4214,694.3,167.0,722.1,219.0,vuelo
3025,0.2725,747.0,3.5,776.3,55.1,vuelo
3026,0.4013,945.6,89.6,985.3,192.4,vuelo
3026,0.2648,1075.0,83.4,1122.0,177.7,vuelo
3026,0.2501,1211.6,74.6,1259.9,163.2,vuelo
3027,0.4617,1102.7,16.9,1148.0,105.1,vuelo
3027,0.3327,971.6,27.1,1008.6,116.5,vuelo
3027,0.3292,1242.0,7.1,1287.7,89.0,vuelo
3028,0.672,1445.1,258.8,1493.4,342.2,vuelo
3029,0.3093,725.8,2.5,751.4,49.6,vuelo
3030,0.4266,708.4,25.0,735.4,75.5,vuelo
3030,0.3028,1418.7,287.4,1464.6,366.0,vuelo
3031,0.3383,1384.6,303.8,1424.5,376.6,vuelo
3032,0.6863,1423.7,355.8,1470.6,438.0,vuelo
3032,0.3905,604.4,13.2,636.9,89.8,vuelo
3033,0.6866,1468.9,419.0,1512.2,494.4,vuelo
3033,0.2587,663.5,91.2,695.4,169.2,vuelo
3034,0.6041,1515.8,454.0,1560.6,530.3,vuelo
3034,0.4536,837.3,29.1,872.0,99.7,vuelo
3034,0.4102,1166.8,133.6,1218.6,227.3,vuelo
3034,0.3872,694.0,137.7,736.2,223.0,vuelo
3034,0.315,1037.1,145.0,1080.9,243.6,vuelo
3035,0.3997,845.5,40.6,875.0,99.6,vuelo
3035,0.3324,1518.5,465.9,1565.0,544.7,vuelo
3035,0.3119,806.4,223.1,833.2,275.0,vuelo
3035,0.2645,711.9,143.5,748.1,231.1,vuelo
3036,0.5653,851.1,46.7,883.0,115.0,vuelo
3036,0.4309,1187.4,147.8,1237.8,233.6,vuelo
3036,0.3363,1519.8,477.7,1560.9,544.6,vuelo
3036,0.2514,807.5,221.6,834.2,263.1,vuelo
3037,0.5485,852.1,36.1,884.2,108.8,vuelo
3037,0.329,1063.7,159.1,1107.7,248.8,vuelo
3038,0.5833,854.9,35.7,886.1,96.6,vuelo
3038,0.5003,808.9,220.0,836.4,267.3,vuelo
3038,0.4223,1194.5,150.3,1241.3,236.0,vuelo
3039,0.5361,1193.2,141.3,1244.2,232.3,vuelo
3039,0.3447,849.4,39.6,882.7,102.8,vuelo
3039,0.3078,805.7,212.7,834.3,263.2,vuelo
3039,0.2864,1065.7,154.5,1103.6,246.6,vuelo
3040,0.4684,844.3,10.8,877.8,73.7,vuelo
3040,0.4202,1338.9,105.9,1392.4,203.0,vuelo
3040,0.338,1197.4,123.1,1249.3,216.8,vuelo
3040,0.3308,1063.7,137.0,1106.8,234.6,vuelo
3041,0.3978,1533.0,394.0,1577.2,471.8,vuelo
3041,0.3114,1010.0,83.1,1040.7,150.5,vuelo
3041,0.2723,740.5,60.0,778.8,141.6,vuelo
3042,0.5294,1527.2,365.4,1571.6,438.9,vuelo
3042,0.3724,1192.6,26.3,1247.0,124.0,vuelo
3042,0.3288,0.0,70.3,20.7,157.8,vuelo
3043,0.4411,1011.4,103.7,1042.2,164.9,vuelo
3044,0.484,769.7,135.6,803.4,219.2,vuelo
3044,0.3902,1011.6,165.7,1044.3,231.3,vuelo
3044,0.3388,1181.3,148.8,1231.4,236.9,vuelo
3044,0.3331,848.5,36.1,881.5,113.3,vuelo
3044,0.2654,790.1,213.4,823.1,265.2,vuelo
3045,0.5966,1178.8,175.6,1230.9,268.4,vuelo
3045,0.4007,845.0,67.1,897.4,187.1,vuelo
3045,0.3676,1319.0,165.7,1374.7,255.4,vuelo
3045,0.2999,790.6,233.5,822.5,291.2,vuelo
3046,0.5723,1514.8,521.7,1563.6,599.8,vuelo
3046,0.36,1007.8,202.5,1039.2,269.4,vuelo
3046,0.2846,1179.9,189.1,1230.6,271.9,vuelo
3047,0.6776,1178.4,159.1,1227.8,256.5,vuelo
3047,0.3302,835.3,47.5,866.9,103.2,vuelo
3047,0.2973,787.1,221.4,816.1,280.6,vuelo
3047,0.293,1510.3,499.8,1560.1,567.0,vuelo
3047,0.2721,1511.7,499.5,1560.5,567.9,vuelo
3047,0.2542,1043.8,170.5,1081.8,252.6,vuelo
3048,0.664,1505.6,539.7,1545.9,618.2,vuelo
3048,0.5,768.7,272.6,795.0,312.9,vuelo
3048,0.3721,813.4,69.8,844.3,134.3,vuelo
3049,0.7589,1516.0,582.2,1557.0,657.9,vuelo
3049,0.5277,773.8,310.8,801.3,353.3,vuelo
3049,0.4795,819.8,113.4,850.4,174.8,vuelo
3049,0.4415,1158.2,243.8,1206.6,326.2,vuelo
3049,0.3155,987.5,258.4,1022.1,322.1,vuelo
3049,0.3016,1026.1,254.3,1070.1,349.2,vuelo
3049,0.2726,814.2,204.8,846.0,270.5,vuelo
3049,0.257,986.7,261.2,1023.9,341.0,vuelo
3050,0.3117,827.5,138.6,858.6,206.9,vuelo
3051,0.3854,1041.0,284.5,1083.6,370.6,vuelo
3051,0.2594,825.7,163.7,860.6,232.3,vuelo
3052,0.8116,1179.6,275.5,1233.2,373.0,vuelo
3052,0.5389,1518.1,624.8,1571.6,705.5,vuelo
3052,0.4017,1007.1,291.0,1041.0,363.4,vuelo
3052,0.3467,834.7,165.2,873.5,257.9,vuelo
3052,0.3263,1042.2,288.4,1090.5,379.3,vuelo
3052,0.3206,786.7,354.4,817.4,404.4,vuelo
3052,0.2554,850.9,248.4,898.3,335.9,vuelo
3053,0.4607,784.6,354.8,812.9,405.8,vuelo
3053,0.3615,329.4,1000.0,364.7,1048.3,vuelo
3053,0.3125,934.2,358.5,962.7,393.0,vuelo
3053,0.2828,1171.3,288.1,1219.2,372.1,vuelo
3053,0.2702,833.5,171.8,867.8,244.6,vuelo
3054,0.481,855.4,234.0,898.5,304.1,vuelo
3054,0.3854,787.2,359.4,816.9,404.9,vuelo
3054,0.3322,1173.2,278.8,1228.4,374.3,vuelo
3054,0.3183,832.6,173.6,871.6,249.5,vuelo
3055,0.6455,856.5,236.0,890.9,300.5,vuelo
3055,0.5365,1038.3,292.5,1080.4,373.1,vuelo
3055,0.4047,832.2,158.9,861.8,223.6,vuelo
3055,0.3941,786.3,366.8,812.6,408.3,vuelo
3055,0.3899,1001.4,299.3,1037.2,371.0,vuelo
3055,0.3126,936.1,368.0,964.2,398.4,vuelo
3055,0.2914,1317.7,264.2,1360.8,350.9,vuelo
3056,0.5936,859.8,234.6,897.4,307.3,vuelo
3056,0.3078,1539.0,623.8,1584.5,710.5,vuelo
3056,0.2909,998.1,308.6,1029.9,364.6,vuelo
3056,0.261,825.9,167.3,859.0,247.8,vuelo
3057,0.6498,860.8,218.5,896.0,283.2,vuelo
3057,0.4427,1172.8,267.6,1227.1,347.4,vuelo
3058,0.5351,819.2,112.1,851.2,170.3,vuelo
3058,0.2951,1524.2,565.9,1567.9,635.6,vuelo
3058,0.2796,876.3,165.5,903.7,226.8,vuelo
3059,0.5217,816.1,81.2,849.9,149.0,vuelo
3059,0.4189,1523.5,547.2,1570.4,627.5,vuelo
3059,0.345,1171.8,200.3,1226.6,290.5,vuelo
3059,0.2794,995.7,225.6,1031.1,289.8,vuelo
3059,0.2654,876.4,132.0,912.4,204.7,vuelo
3060,0.6042,818.5,126.4,852.5,193.8,vuelo
3060,0.3792,884.3,173.3,921.9,248.6,vuelo
3061,0.4805,1173.7,270.4,1227.4,365.9,vuelo
3061,0.3632,1039.1,286.8,1082.1,372.5,vuelo
3061,0.3568,999.1,296.9,1035.5,366.7,vuelo
3061,0.3352,1313.1,249.7,1367.2,348.5,vuelo
3061,0.2927,886.1,196.2,922.5,274.4,vuelo
3061,0.2553,353.1,660.7,391.8,719.3,vuelo
3061,0.2545,783.5,358.0,812.9,404.6,vuelo
3062,0.3716,825.0,187.5,857.2,250.9,vuelo
3062,0.3274,930.0,387.2,959.1,416.6,vuelo
3062,0.2983,902.3,232.4,932.6,300.4,vuelo
3063,0.6776,1037.0,332.9,1088.3,431.2,vuelo
3063,0.5141,1175.9,319.6,1230.3,408.2,vuelo
3063,0.4792,1523.0,677.4,1572.6,755.9,vuelo
3063,0.4247,902.4,256.1,943.2,323.4,vuelo
3063,0.2604,1001.7,338.1,1046.0,423.3,vuelo
3064,0.7276,1179.2,331.7,1227.7,424.4,vuelo
3064,0.5182,1041.3,345.5,1082.4,426.4,vuelo
3064,0.484,829.9,211.7,860.9,268.3,vuelo
3064,0.375,1538.2,685.3,1591.6,762.3,vuelo
3064,0.3634,783.2,410.5,812.5,454.2,vuelo
3064,0.3568,1003.8,352.3,1038.1,419.3,vuelo
3065,0.5848,1541.6,691.7,1589.2,767.0,vuelo
3065,0.438,826.5,214.0,859.1,273.7,vuelo
3065,0.375,1179.2,338.3,1230.4,421.6,vuelo
3065,0.3252,786.7,413.5,816.5,456.9,vuelo
3065,0.2799,1008.1,357.6,1040.9,416.6,vuelo
3065,0.2652,910.0,249.7,950.5,327.6,vuelo
3066,0.4491,829.8,213.6,862.2,261.8,vuelo
3066,0.4253,786.0,408.4,816.3,453.6,vuelo
3067,0.5681,835.3,206.8,866.4,262.3,vuelo
3067,0.3983,1553.7,687.3,1602.5,765.4,vuelo
3067,0.359,941.7,282.0,991.0,359.6,vuelo
3067,0.3209,786.8,412.0,817.0,452.3,vuelo
3067,0.2865,1185.4,335.4,1232.4,424.1,vuelo
3068,0.7095,1182.0,319.4,1237.7,408.3,vuelo
3068,0.5548,949.2,237.4,998.5,342.4,vuelo
3068,0.4972,1046.4,333.5,1095.5,431.2,vuelo
3068,0.4407,838.0,206.8,875.1,273.7,vuelo
3068,0.4047,1324.5,308.2,1379.3,388.6,vuelo
3068,0.3293,1009.9,339.4,1049.1,423.0,vuelo
3069,0.4832,954.2,191.7,994.5,268.5,vuelo
3069,0.3578,842.4,164.7,875.3,221.9,vuelo
3069,0.2655,1191.9,283.5,1245.6,371.6,vuelo
3070,0.614,959.7,154.8,1000.9,236.4,vuelo
3070,0.3188,845.6,133.0,877.0,199.7,vuelo
3071,0.5509,1560.3,595.9,1608.3,670.6,vuelo
3071,0.5509,808.8,304.7,839.6,358.0,vuelo
3071,0.4468,844.1,115.0,876.8,167.0,vuelo
3071,0.4177,382.4,623.6,423.5,673.6,vuelo
3072,0.6855,1068.1,236.4,1119.4,337.8,vuelo
3072,0.5919,1564.4,585.6,1619.4,664.5,vuelo
3072,0.3883,1210.0,219.4,1265.5,312.2,vuelo
3072,0.3613,1032.4,241.4,1070.6,328.4,vuelo
3072,0.2556,980.3,116.0,1020.4,180.5,vuelo
3073,0.5902,1212.9,265.1,1265.8,370.2,vuelo
3073,0.3527,1035.0,289.5,1072.0,364.2,vuelo
3073,0.3095,853.4,135.8,888.4,203.5,vuelo
3073,0.2692,1073.9,280.6,1118.0,380.8,vuelo
3074,0.6384,1573.7,702.0,1621.9,781.2,vuelo
3074,0.4153,1001.6,214.8,1040.7,296.2,vuelo
3074,0.408,861.7,205.2,891.9,261.1,vuelo
3074,0.4077,1210.7,332.6,1263.8,421.0,vuelo
3074,0.402,375.9,709.2,416.3,766.4,vuelo
3074,0.2707,1002.2,215.9,1039.3,287.5,vuelo
3075,0.4302,998.5,258.6,1048.9,346.0,vuelo
3075,0.3659,809.8,436.1,837.6,484.6,vuelo
3075,0.3647,1575.1,738.5,1625.4,827.2,vuelo
3075,0.3305,857.3,254.1,890.6,310.3,vuelo
3076,0.4207,998.4,263.4,1040.8,341.3,vuelo
3076,0.3742,852.1,260.5,886.1,321.9,vuelo
3076,0.3569,1564.6,755.2,1619.5,839.7,vuelo
3076,0.2598,0.2,162.9,24.4,216.3,vuelo
3077,0.3808,806.1,454.1,835.4,507.3,vuelo
3077,0.3315,1010.8,270.9,1047.7,341.9,vuelo
3077,0.3133,856.4,273.0,890.7,338.7,vuelo
3077,0.2887,1203.1,389.4,1254.8,471.4,vuelo
3078,0.6049,852.7,273.3,887.4,341.3,vuelo
3078,0.4628,1011.9,269.5,1047.5,340.8,vuelo
3078,0.4479,808.0,457.2,836.9,512.2,vuelo
3078,0.4175,1203.9,389.4,1257.1,480.3,vuelo
3079,0.3922,853.1,266.9,886.5,319.3,vuelo
3079,0.286,1014.7,263.4,1057.4,337.0,vuelo
3080,0.4234,1023.4,263.9,1065.1,323.5,vuelo
3080,0.3759,856.8,267.3,888.2,317.7,vuelo
3081,0.4755,1029.5,252.8,1068.1,328.0,vuelo
3081,0.4212,856.4,264.4,887.7,320.5,vuelo
3081,0.2733,1214.9,382.8,1270.7,482.9,vuelo
3082,0.4648,815.7,478.4,841.7,519.7,vuelo
3082,0.4339,859.8,259.9,888.7,308.6,vuelo
3083,0.6491,1044.9,259.7,1079.7,330.9,vuelo
3083,0.5753,855.8,275.2,889.6,344.3,vuelo
3083,0.4709,1214.8,397.7,1266.5,492.1,vuelo
3083,0.359,1034.2,418.1,1071.6,480.9,vuelo
3083,0.2577,1575.8,771.8,1629.9,867.0,vuelo
3084,0.4634,1046.5,293.2,1086.2,369.9,vuelo
3084,0.4302,857.5,312.5,889.8,367.1,vuelo
3084,0.2989,1049.7,293.9,1085.3,359.4,vuelo
3084,0.274,1586.4,830.8,1636.5,913.0,vuelo
3085,0.5967,1213.9,486.4,1266.9,580.2,vuelo
3085,0.4153,1602.7,876.7,1658.5,958.7,vuelo
3085,0.3297,867.2,362.3,900.0,429.8,vuelo
3086,0.4467,1059.9,355.6,1091.0,417.8,vuelo
3086,0.3324,856.2,385.0,893.0,448.5,vuelo
3087,0.5266,1065.2,353.8,1099.4,413.3,vuelo
3087,0.3986,856.2,386.1,886.6,435.5,vuelo
3088,0.5406,851.1,373.3,883.2,445.2,vuelo
3088,0.3174,356.7,903.6,400.5,957.4,vuelo
3089,0.279,849.5,352.8,883.0,417.1,vuelo
3090,0.7688,1070.1,297.3,1106.7,360.1,vuelo
3090,0.2523,808.5,540.4,837.1,592.2,vuelo
3091,0.5087,1564.8,808.2,1615.7,890.1,vuelo
3091,0.504,837.4,314.8,869.6,363.2,vuelo
3091,0.389,951.8,506.4,982.3,540.7,vuelo
3091,0.3124,1064.7,266.7,1098.0,321.8,vuelo
3091,0.2976,798.8,509.3,827.5,557.3,vuelo
3092,0.8296,1562.0,742.6,1611.5,819.3,vuelo
3092,0.8193,1068.9,202.1,1099.1,262.9,vuelo
3092,0.562,832.0,255.7,866.2,314.3,vuelo
3092,0.4005,793.6,447.8,822.6,493.2,vuelo
3092,0.2748,1012.5,391.8,1045.6,454.0,vuelo
3093,0.7884,1565.3,691.3,1609.3,777.3,vuelo
3093,0.6868,791.1,405.8,820.3,452.8,vuelo
3093,0.5836,1071.8,142.7,1103.6,199.0,vuelo
3093,0.3525,834.4,191.4,869.9,261.8,vuelo
3093,0.3212,1008.3,349.3,1041.4,406.7,vuelo
3093,0.2888,833.4,191.1,866.5,254.8,vuelo
3094,0.585,794.1,396.1,823.5,444.6,vuelo
3094,0.5229,831.3,184.3,864.5,249.8,vuelo
3094,0.3335,1083.0,124.6,1114.7,177.4,vuelo
3094,0.3097,950.4,392.8,978.8,428.3,vuelo
3094,0.2759,1081.5,126.1,1115.0,187.8,vuelo
3095,0.4288,845.0,278.1,876.6,340.0,vuelo
3095,0.3275,804.3,478.6,831.7,525.6,vuelo
3096,0.3796,1598.8,726.0,1638.7,812.2,vuelo
3096,0.3528,850.6,229.9,884.6,299.0,vuelo
3096,0.3349,1138.1,135.9,1166.6,204.3,vuelo
3096,0.2763,1203.8,348.3,1262.6,447.2,vuelo
3096,0.2513,811.6,442.0,839.7,482.0,vuelo
3097,0.5009,1214.4,342.5,1267.6,443.6,vuelo
3097,0.4779,1152.0,121.7,1184.1,194.2,vuelo
3097,0.3833,860.3,222.7,891.4,292.2,vuelo
3097,0.3446,1599.0,734.2,1646.2,810.4,vuelo
3097,0.2603,1035.6,372.1,1070.5,433.3,vuelo
3098,0.487,863.7,283.0,895.1,334.2,vuelo
3098,0.443,977.9,488.6,1006.6,526.1,vuelo
3098,0.3238,825.0,492.1,851.8,542.4,vuelo
3098,0.2696,1160.9,185.0,1197.9,248.0,vuelo
3099,0.5159,1155.9,236.0,1190.1,294.4,vuelo
3099,0.436,866.0,335.1,898.4,389.7,vuelo
3100,0.7185,1227.9,463.9,1287.3,561.2,vuelo
3100,0.6519,1165.9,246.9,1201.0,310.9,vuelo
3101,0.6916,1168.9,273.6,1199.6,332.8,vuelo
3101,0.463,865.0,368.6,895.5,409.9,vuelo
3101,0.3985,828.9,573.8,858.4,620.1,vuelo
3101,0.3629,384.0,927.0,425.0,977.6,vuelo
3102,0.3873,863.9,371.3,895.0,425.0,vuelo
3102,0.3365,1173.6,272.4,1203.4,325.1,vuelo
3102,0.3292,978.9,573.6,1008.9,609.5,vuelo
3102,0.3,1612.3,894.9,1665.6,976.9,vuelo
3102,0.2941,1218.5,486.7,1260.2,551.5,vuelo
3102,0.2585,825.7,575.7,851.7,621.2,vuelo
3103,0.5217,1167.4,260.1,1203.1,324.7,vuelo
3103,0.3998,860.3,366.7,895.7,430.0,vuelo
3103,0.2561,1600.3,870.6,1659.4,977.0,vuelo
3104,0.6027,1177.6,232.6,1209.6,287.2,vuelo
3104,0.2993,855.3,341.2,887.4,402.7,vuelo
3105,0.3685,856.9,324.8,888.6,384.0,vuelo
3105,0.3341,1186.1,215.8,1216.5,275.0,vuelo
3106,0.7795,1190.9,194.1,1225.7,258.3,vuelo
3106,0.4529,860.2,306.5,892.4,358.1,vuelo
3106,0.354,1603.4,827.0,1657.0,915.9,vuelo
3106,0.3253,818.5,523.4,847.8,570.7,vuelo
3106,0.2774,1604.8,830.3,1658.2,915.7,vuelo
3107,0.8244,1191.2,200.5,1226.4,258.5,vuelo
3107,0.3492,819.2,511.3,847.0,569.5,vuelo
3107,0.3308,1217.0,438.1,1274.6,525.7,vuelo
3107,0.2714,854.7,327.3,888.8,380.1,vuelo
3107,0.254,975.4,511.2,1004.9,549.6,vuelo
3108,0.7275,1194.9,200.4,1229.6,260.9,vuelo
3108,0.2679,846.7,315.5,883.6,382.2,vuelo
3109,0.6066,809.3,515.6,838.2,572.8,vuelo
3109,0.5497,1192.4,193.8,1227.2,243.7,vuelo
3109,0.3653,0.0,221.2,26.9,286.1,vuelo
3109,0.3015,1599.3,822.1,1651.0,912.9,vuelo
3109,0.256,847.7,299.5,881.7,362.5,vuelo
3110,0.7016,1200.5,178.8,1232.6,244.0,vuelo
3110,0.4823,840.3,307.6,873.1,363.9,vuelo
3110,0.456,804.0,505.7,835.8,562.1,vuelo
3110,0.3673,0.0,227.7,26.5,294.5,vuelo
3110,0.326,1575.9,820.9,1629.4,907.8,vuelo
3110,0.3217,961.6,507.1,993.1,542.7,vuelo
3111,0.5149,0.0,263.3,24.7,340.1,vuelo
3111,0.4022,1201.4,212.1,1234.7,279.8,vuelo
3111,0.2553,833.9,346.9,871.7,401.9,vuelo
3112,0.7891,1199.1,247.5,1232.1,306.9,vuelo
3112,0.5447,794.7,595.9,821.8,636.3,vuelo
3112,0.45,1587.8,913.8,1632.2,985.9,vuelo
3112,0.3317,832.6,370.3,865.8,431.5,vuelo
3113,0.6933,1193.2,264.1,1233.7,336.4,vuelo
3113,0.6242,783.6,599.0,813.3,655.4,vuelo
3113,0.5569,830.6,405.8,862.3,458.4,vuelo
3113,0.4327,938.5,599.0,970.0,635.7,vuelo
3113,0.3631,1575.2,923.1,1625.3,1013.0,vuelo
3113,0.3019,1003.6,548.7,1036.0,599.0,vuelo
3114,0.6717,815.9,399.9,846.5,459.7,vuelo
3114,0.6326,1181.6,267.7,1220.4,333.8,vuelo
3114,0.5833,1550.8,928.6,1604.2,1017.8,vuelo
3115,0.7335,1180.5,249.4,1207.4,312.4,vuelo
3115,0.6632,1514.7,922.9,1563.6,1002.6,vuelo
3115,0.4315,745.0,595.2,774.1,643.4,vuelo
3115,0.3329,1005.0,528.5,1056.6,618.4,vuelo
3115,0.3101,964.8,539.6,998.9,601.6,vuelo
3116,0.5189,717.2,572.5,747.7,615.9,vuelo
3116,0.483,1167.1,234.7,1195.8,292.0,vuelo
3116,0.4733,758.2,354.4,792.3,411.5,vuelo
3116,0.3482,248.9,933.8,297.1,976.8,vuelo
3117,0.6944,1078.3,473.7,1129.9,569.8,vuelo
3117,0.5567,943.5,483.1,982.0,581.5,vuelo
3117,0.3235,1124.0,219.2,1154.6,262.3,vuelo
3117,0.2899,895.2,489.2,945.9,594.0,vuelo
3117,0.2638,1416.8,886.8,1461.9,973.9,vuelo
3118,0.5694,1418.7,920.1,1464.6,1006.0,vuelo
3118,0.4941,1118.2,235.9,1157.7,291.2,vuelo
3118,0.4104,885.7,516.2,920.8,579.4,vuelo
3118,0.3396,705.8,345.5,740.6,404.6,vuelo
3119,0.263,1463.7,943.1,1528.2,1028.9,vuelo
3120,0.5551,1170.4,530.5,1225.0,635.5,vuelo
3120,0.5003,761.3,610.9,790.8,667.0,vuelo
3120,0.4916,1542.9,951.2,1600.0,1039.3,vuelo
3120,0.2615,804.7,394.0,838.2,449.7,vuelo
3120,0.2594,988.1,551.0,1040.8,665.6,vuelo
3121,0.6662,1254.1,250.8,1285.7,312.6,vuelo
3121,0.3736,1195.3,530.2,1251.4,629.8,vuelo
3121,0.3614,791.4,615.1,819.0,666.2,vuelo
3121,0.3479,832.4,403.1,863.7,451.0,vuelo
3122,0.6281,1245.1,254.0,1281.4,322.6,vuelo
3122,0.4595,931.4,617.7,959.6,659.3,vuelo
3122,0.3825,1176.0,532.8,1228.6,602.7,vuelo
3122,0.3677,773.5,615.0,801.6,672.5,vuelo
3122,0.2842,1036.2,548.6,1082.5,631.4,vuelo
3122,0.2801,995.4,557.1,1034.3,624.8,vuelo
3122,0.2685,1552.5,959.9,1604.2,1048.4,vuelo
3123,0.508,1213.4,258.0,1250.4,312.5,vuelo
3123,0.4953,781.1,382.0,812.0,436.0,vuelo
3123,0.308,887.1,608.4,918.2,639.6,vuelo
3123,0.2729,732.3,606.0,759.5,651.9,vuelo
3123,0.257,1502.3,958.9,1544.4,1035.2,vuelo
3124,0.7031,1191.7,238.1,1228.2,307.7,vuelo
3124,0.557,757.3,375.5,789.1,433.3,vuelo
3124,0.3104,224.8,950.0,272.2,1001.0,vuelo
3125,0.4586,1265.3,247.5,1297.1,298.9,vuelo
3125,0.3564,1554.1,957.0,1606.4,1049.5,vuelo
3125,0.3467,932.5,609.6,962.6,643.6,vuelo
3125,0.2661,818.6,396.9,852.4,449.1,vuelo
3126,0.5762,1290.0,249.6,1321.9,306.6,vuelo
3126,0.472,1587.0,980.0,1636.8,1052.7,vuelo
3126,0.4571,842.5,405.1,875.6,462.8,vuelo
3126,0.4447,1198.7,532.5,1263.4,638.3,vuelo
3126,0.3187,1019.7,555.9,1058.4,622.7,vuelo
3126,0.2823,1061.4,550.4,1105.8,627.6,vuelo
3127,0.6487,1320.0,261.6,1350.3,310.7,vuelo
3127,0.3407,864.6,414.2,896.8,461.9,vuelo
3128,0.4175,1331.1,262.7,1365.0,321.9,vuelo
3128,0.393,830.6,646.6,859.3,689.5,vuelo
3129,0.2967,1335.8,273.7,1371.4,323.2,vuelo
3130,0.6771,1344.3,262.2,1376.9,316.3,vuelo
3130,0.2571,1230.8,562.4,1282.3,655.4,vuelo
3131,0.5209,1634.5,922.4,1683.9,1011.8,vuelo
3131,0.32,0.1,276.2,43.1,347.5,vuelo
3131,0.2719,860.2,363.2,896.2,429.0,vuelo
3132,0.4918,1349.5,127.7,1391.9,184.9,vuelo
3132,0.4438,866.2,298.9,899.1,356.0,vuelo
3133,0.5357,1622.2,867.5,1662.9,952.4,vuelo
3133,0.3605,1347.8,119.3,1391.8,185.4,vuelo
3133,0.3578,1221.6,437.3,1265.7,505.8,vuelo
3133,0.3566,867.2,307.9,897.0,354.0,vuelo
3134,0.5969,1368.5,164.5,1400.7,220.1,vuelo
3134,0.4845,830.9,589.5,860.2,637.4,vuelo
3134,0.3086,1624.6,929.8,1679.7,1016.2,vuelo
3134,0.3048,866.8,363.6,899.6,408.4,vuelo
3135,0.725,1371.1,223.7,1402.1,284.7,vuelo
3135,0.4041,831.0,643.3,860.1,694.8,vuelo
3135,0.2592,1634.4,1003.0,1683.8,1076.8,vuelo
3136,0.2833,833.4,699.9,863.3,747.7,vuelo
3137,0.3261,1382.0,310.7,1414.1,355.4,vuelo
3137,0.299,835.5,716.1,865.5,769.5,vuelo
3138,0.4044,880.7,503.0,912.9,546.8,vuelo
3138,0.2889,1396.4,317.1,1430.8,376.1,vuelo
3139,0.6052,1407.3,302.9,1443.2,359.0,vuelo
3139,0.3596,882.7,506.5,914.2,545.8,vuelo
3140,0.3662,885.9,495.9,918.4,551.1,vuelo
3140,0.3356,1421.8,293.5,1453.1,351.2,vuelo
3141,0.5124,891.0,497.7,921.8,551.5,vuelo
3142,0.4987,1429.7,292.8,1466.5,349.4,vuelo
3142,0.4017,845.1,738.6,871.5,783.8,vuelo
3142,0.3921,878.7,515.4,910.0,568.8,vuelo
3143,0.5124,1436.3,303.9,1467.3,363.3,vuelo
3144,0.2632,1433.5,285.4,1467.5,341.9,vuelo
3145,0.3116,834.0,664.9,861.8,713.8,vuelo
3145,0.2969,871.7,461.4,908.4,532.4,vuelo
3145,0.2688,1635.4,1030.7,1681.4,1079.7,vuelo
3146,0.4929,1452.9,222.2,1489.3,283.5,vuelo
3146,0.3435,880.1,452.0,910.9,504.6,vuelo
3146,0.3004,841.1,676.0,869.6,722.6,vuelo
3147,0.4026,880.8,498.5,914.0,556.0,vuelo
3147,0.2811,847.9,707.1,874.2,760.8,vuelo
3149,0.2672,1265.2,675.4,1319.7,768.6,vuelo
3150,0.3065,1535.7,106.0,1579.2,188.0,vuelo
3152,0.4354,856.1,647.0,884.7,695.2,vuelo
3152,0.32,890.2,431.7,922.8,475.1,vuelo
3153,0.5985,1266.4,533.8,1322.7,636.3,vuelo
3153,0.578,1664.0,969.8,1720.6,1055.6,vuelo
3153,0.3811,889.8,401.5,924.9,461.1,vuelo
3154,0.5652,1131.8,575.7,1177.5,679.4,vuelo
3154,0.3272,1480.9,140.1,1526.2,216.3,vuelo
3154,0.253,1669.8,1010.5,1719.2,1078.6,vuelo
3155,0.6384,898.3,470.7,932.8,535.9,vuelo
3155,0.4563,865.8,688.8,892.3,744.3,vuelo
3155,0.3499,1271.2,609.1,1318.4,670.4,vuelo
3156,0.2897,1276.2,666.4,1320.4,725.5,vuelo
3156,0.2529,903.8,535.2,941.5,598.3,vuelo
3157,0.3536,905.5,567.5,936.2,627.6,vuelo
3158,0.4872,868.7,784.5,894.9,832.3,vuelo
3160,0.2585,919.0,429.0,950.4,482.2,vuelo
3161,0.4798,1672.4,1014.5,1709.6,1078.9,vuelo
3161,0.2851,883.7,632.0,913.7,676.2,vuelo
3162,0.386,888.7,606.7,917.4,652.0,vuelo
3163,0.2801,939.2,439.8,971.2,485.4,vuelo
3163,0.2795,899.1,667.4,927.8,712.9,vuelo
3164,0.34,898.7,778.9,929.1,833.7,vuelo
3165,0.3946,937.4,596.0,969.9,655.0,vuelo
3166,0.2992,936.9,645.6,969.5,702.6,vuelo
3167,0.3837,1313.9,822.0,1361.3,883.0,vuelo
3168,0.2983,941.6,668.3,973.3,726.1,vuelo
3169,0.5501,936.4,664.7,967.4,722.6,vuelo
3170,0.3586,932.8,663.7,966.1,716.5,vuelo
3171,0.3668,1605.7,265.6,1643.0,329.5,vuelo
3172,0.5149,1600.7,259.5,1640.4,322.9,vuelo
3172,0.3323,932.6,668.7,988.5,781.1,vuelo
3173,0.3714,140.5,16.4,170.9,67.6,vuelo
3174,0.4908,928.5,697.4,961.4,742.9,vuelo
3175,0.3787,932.5,750.4,965.7,807.5,vuelo
3177,0.2784,933.3,820.2,967.4,887.0,vuelo
3179,0.6354,68.3,20.0,99.2,78.1,vuelo
3179,0.5329,934.2,789.4,995.9,906.9,vuelo
3180,0.4071,932.0,766.1,966.3,816.6,vuelo
3180,0.2711,60.3,2.7,90.8,46.1,vuelo
3181,0.2776,926.8,723.6,959.6,767.6,vuelo
3182,0.444,1054.7,866.2,1083.7,899.8,vuelo
3182,0.3333,892.2,871.5,918.5,916.0,vuelo
3183,0.5329,881.8,798.0,911.8,844.4,vuelo
3183,0.3022,920.4,573.8,955.7,629.6,vuelo
3183,0.259,1293.0,716.5,1335.1,765.9,vuelo
3184,0.5052,913.0,535.1,943.6,573.4,vuelo
3184,0.3459,1284.1,676.9,1334.8,738.2,vuelo
3184,0.2616,1106.2,704.4,1145.4,768.7,vuelo
3185,0.5823,913.5,530.1,944.3,574.4,vuelo
3185,0.4605,880.3,767.1,909.4,818.6,vuelo
3186,0.3405,1292.7,762.9,1353.4,851.5,vuelo
3186,0.317,917.9,599.9,949.4,652.0,vuelo
3187,0.2689,923.6,677.4,955.2,728.0,vuelo
3188,0.4452,892.0,957.8,918.8,1010.7,vuelo
3188,0.3206,127.1,57.8,156.6,113.2,vuelo
3188,0.2574,925.3,716.6,959.1,772.2,vuelo
3189,0.3421,893.7,989.6,920.5,1038.9,vuelo
3189,0.2861,926.0,744.2,958.3,790.9,vuelo
3190,0.6052,884.5,984.9,919.0,1043.1,vuelo
3190,0.3431,929.4,749.0,960.1,788.1,vuelo
3191,0.352,880.1,784.5,907.6,832.0,vuelo
3192,0.3444,1298.1,823.8,1364.5,930.3,vuelo
3192,0.2572,1597.9,220.2,1643.8,301.8,vuelo
3193,0.4133,928.9,762.0,961.3,814.8,vuelo
3194,0.2564,935.8,802.8,967.9,857.3,vuelo
3196,0.3077,937.7,849.5,970.4,890.0,vuelo
3199,0.4017,937.8,761.6,971.2,809.9,vuelo
3200,0.2855,1608.6,253.3,1647.8,311.5,vuelo
3202,0.3091,1083.1,989.2,1114.6,1024.9,vuelo
3202,0.2693,1620.8,294.1,1661.7,364.8,vuelo
3202,0.2648,919.3,985.7,947.7,1042.3,vuelo
3203,0.2531,1617.4,360.0,1655.8,404.4,vuelo
3204,0.3897,937.6,828.5,970.7,890.0,vuelo
3204,0.3274,1606.7,399.2,1641.1,451.8,vuelo
3205,0.3254,930.5,839.6,961.2,883.7,vuelo
3208,0.4527,915.8,839.3,947.9,882.5,vuelo
3209,0.3284,917.3,837.5,948.3,889.6,vuelo
3210,0.5279,915.0,838.0,948.1,891.6,vuelo
3211,0.3626,912.4,852.6,946.2,888.2,vuelo
3211,0.2817,183.4,0.0,212.5,50.8,vuelo
3212,0.2657,900.2,867.0,934.2,913.3,vuelo
3214,0.2787,917.9,764.2,949.3,811.0,vuelo
3215,0.5985,895.6,982.9,923.8,1037.4,vuelo
3215,0.4086,1053.2,983.3,1091.8,1019.7,vuelo
3215,0.2549,922.7,739.1,957.2,788.2,vuelo
3217,0.3928,957.0,843.4,987.5,896.8,vuelo
3218,0.3215,957.2,885.6,988.3,937.7,vuelo
3219,0.3508,1619.0,479.6,1662.2,554.1,vuelo
3221,0.3407,936.3,897.6,965.8,941.0,vuelo
3222,0.3471,929.8,821.8,963.8,861.0,vuelo
3223,0.5202,932.1,795.7,964.6,842.9,vuelo
3228,0.3295,925.4,933.9,958.8,983.6,vuelo
3229,0.292,923.9,914.8,955.6,961.2,vuelo
3231,0.5736,909.2,964.7,940.6,1006.6,vuelo
3232,0.3054,905.2,968.0,936.4,1021.6,vuelo
3236,0.3533,929.0,966.5,963.1,1012.2,vuelo
3236,0.2753,929.1,965.2,963.8,1022.9,vuelo
3238,0.3134,939.9,1035.7,975.9,1079.6,vuelo
3239,0.3724,935.1,1044.4,967.3,1080.0,vuelo
3242,0.4725,945.1,1029.4,979.1,1080.0,vuelo
3247,0.4439,855.6,974.6,886.6,1024.4,vuelo
3248,0.2578,834.4,959.3,866.3,1007.2,vuelo
3252,0.3714,1603.5,644.0,1645.5,707.0,vuelo
3255,0.2839,949.4,1048.5,986.0,1079.6,vuelo
3256,0.3219,1632.2,554.4,1673.2,601.0,vuelo
3257,0.5408,978.1,1035.6,1013.1,1080.0,vuelo
3260,0.3193,1681.2,709.1,1729.9,767.9,vuelo
3263,0.6035,1684.7,742.7,1732.7,793.7,vuelo
3264,0.3749,1691.9,742.8,1737.7,797.2,vuelo
3265,0.4247,1685.3,744.7,1731.6,797.5,vuelo
3273,0.5794,1698.3,788.0,1747.2,840.5,vuelo
3275,0.5724,980.5,1018.7,1015.1,1077.4,vuelo
3280,0.4267,1684.2,804.1,1733.0,860.3,vuelo
3281,0.3165,737.4,284.5,764.4,333.3,vuelo
3283,0.2842,1691.2,795.7,1738.4,843.3,vuelo
3286,0.6213,1001.1,1032.6,1033.7,1079.6,vuelo
3291,0.4887,1704.0,837.1,1745.2,890.3,vuelo
3328,0.4293,1719.2,746.1,1759.5,794.3,vuelo
3331,0.3602,969.9,1026.8,1006.6,1077.4,vuelo
3332,0.2508,1690.1,594.5,1734.3,647.9,vuelo
3333,0.423,1691.4,622.0,1736.0,676.2,vuelo
3334,0.4796,1707.2,637.7,1757.3,697.6,vuelo
3371,0.5692,1000.0,1031.5,1033.0,1080.0,vuelo
3372,0.4118,1008.1,987.9,1033.7,1027.8,vuelo
3377,0.4163,1670.1,933.1,1705.6,983.4,vuelo
3377,0.3603,1629.0,931.3,1661.7,977.3,vuelo
3378,0.2771,1671.5,936.8,1700.5,988.4,vuelo
3382,0.3497,1032.6,885.9,1057.6,933.9,vuelo
3386,0.5484,1602.1,506.7,1642.3,558.9,vuelo
3386,0.2789,1010.4,834.1,1039.8,883.4,vuelo
3386,0.268,981.8,1034.2,1010.0,1076.6,vuelo
3387,0.4908,1345.7,797.9,1401.9,874.5,vuelo
3387,0.3255,1015.6,683.1,1060.1,745.4,vuelo
3388,0.6847,1341.3,786.5,1395.5,861.4,vuelo
3388,0.3914,1132.4,844.4,1158.0,874.9,vuelo
3389,0.6198,1350.8,797.1,1408.7,876.7,vuelo
3389,0.3416,1618.8,323.0,1662.4,375.0,vuelo
3389,0.2605,1000.9,861.8,1026.8,909.5,vuelo
3389,0.2578,248.7,2.5,270.2,42.8,vuelo
3390,0.393,337.7,34.9,360.2,83.4,vuelo
3390,0.3901,248.5,27.7,271.5,76.6,vuelo
3391,0.2565,1607.2,406.5,1641.9,452.5,vuelo
3392,0.4207,339.0,100.8,364.2,153.2,vuelo
3392,0.4079,415.4,76.9,441.5,148.4,vuelo
3393,0.4968,1346.7,916.2,1390.0,995.0,vuelo
3393,0.4909,977.2,982.9,1003.1,1025.0,vuelo
3394,0.337,1342.1,945.8,1382.0,989.0,vuelo
3394,0.3367,1009.4,805.0,1036.5,839.5,vuelo
3396,0.3947,1327.8,963.9,1380.4,1040.6,vuelo
3396,0.2905,987.8,821.4,1015.9,870.6,vuelo
3397,0.6376,1324.5,965.6,1371.4,1042.6,vuelo
3397,0.3515,988.4,816.4,1016.7,856.7,vuelo
3398,0.54,1330.1,964.9,1385.4,1039.7,vuelo
3398,0.2936,986.2,811.0,1014.6,854.2,vuelo
3399,0.3144,1321.0,950.9,1372.9,1035.8,vuelo
3399,0.3013,958.3,1021.6,989.3,1076.1,vuelo
3400,0.2767,763.3,81.3,788.8,119.9,vuelo
3400,0.274,993.4,812.7,1020.2,862.3,vuelo
3401,0.3095,986.8,808.6,1014.2,838.8,vuelo
3405,0.2538,966.9,851.6,994.9,886.3,vuelo
3408,0.2779,996.6,837.7,1026.0,882.1,vuelo
3410,0.3895,1003.2,811.5,1032.6,855.9,vuelo
3410,0.3495,997.0,1026.5,1027.1,1077.1,vuelo
3411,0.4571,1001.6,1030.0,1033.1,1075.8,vuelo
3412,0.2689,1001.7,1022.5,1032.0,1075.7,vuelo
3412,0.2641,1144.9,1014.1,1175.9,1056.4,vuelo
3413,0.3649,1010.7,829.1,1037.3,860.3,vuelo
3416,0.3207,721.5,147.4,744.0,192.5,vuelo
3418,0.299,689.8,100.9,721.2,138.6,vuelo
3419,0.4917,1318.8,911.2,1373.0,978.3,vuelo
3419,0.4005,981.0,802.1,1009.2,841.2,vuelo
3420,0.6553,1344.2,867.1,1392.7,937.2,vuelo
3421,0.3104,990.1,744.4,1018.1,786.7,vuelo
3423,0.39,996.7,794.6,1037.8,865.4,vuelo
3424,0.575,81.0,27.2,114.5,92.8,vuelo
3424,0.5697,1314.3,908.4,1369.8,983.5,vuelo
3424,0.4896,1443.4,892.7,1499.1,958.1,vuelo
3424,0.317,962.3,992.3,990.1,1060.2,vuelo
3432,0.4181,1049.5,812.9,1080.8,866.4,vuelo
3434,0.5132,1015.6,808.6,1058.2,901.5,vuelo
3435,0.2718,976.6,806.3,1005.6,852.8,vuelo
3439,0.4252,935.2,733.4,989.8,826.5,vuelo
3439,0.4043,1689.5,286.4,1740.2,350.2,vuelo
3439,0.2935,923.3,969.6,955.3,1028.7,vuelo
3440,0.2929,981.4,699.2,1012.1,740.7,vuelo
3441,0.4395,980.1,701.7,1012.1,738.4,vuelo
3442,0.3634,1412.3,816.0,1470.5,899.7,vuelo
3442,0.3422,1787.8,228.1,1832.0,287.4,vuelo
3444,0.4702,1680.0,270.6,1711.9,318.3,vuelo
3445,0.5127,999.8,719.1,1032.0,762.6,vuelo
3445,0.3108,1646.0,318.5,1685.3,361.9,vuelo
3445,0.2544,977.7,959.9,1010.6,1012.1,vuelo
3446,0.3081,1024.5,698.5,1055.6,742.9,vuelo
3447,0.418,1044.0,674.4,1075.7,723.7,vuelo
3447,0.2524,1890.0,267.2,1919.5,316.9,vuelo
3448,0.4151,1056.3,669.3,1086.1,716.3,vuelo
3448,0.3955,1758.5,276.1,1804.9,339.9,vuelo
3448,0.3355,234.3,23.6,261.9,72.3,vuelo
3449,0.2774,1068.7,646.8,1103.8,705.5,vuelo
3449,0.2768,1041.5,878.1,1073.5,938.7,vuelo
3450,0.3332,1082.0,618.2,1113.9,661.9,vuelo
3452,0.4638,1834.9,324.7,1881.7,384.7,vuelo
3452,0.3284,1063.0,638.3,1099.2,705.1,vuelo
3454,0.6291,963.5,958.5,994.2,1020.2,vuelo
3454,0.5613,1791.5,417.7,1840.0,476.4,vuelo
3454,0.4556,1034.5,723.2,1066.7,767.9,vuelo
3455,0.6974,1031.6,725.6,1065.7,794.8,vuelo
3455,0.3414,1792.9,435.6,1837.1,489.2,vuelo
3456,0.4441,1033.9,733.6,1068.6,799.0,vuelo
3457,0.3962,973.7,974.7,1006.2,1037.8,vuelo
3457,0.3579,1031.3,717.8,1066.5,790.8,vuelo
3458,0.6122,983.2,946.8,1014.3,1004.8,vuelo
3458,0.4949,1034.6,699.8,1067.9,740.3,vuelo
3459,0.2943,976.1,806.2,1008.6,866.1,vuelo
3461,0.3206,982.6,680.3,1014.7,731.5,vuelo
3462,0.5046,1032.1,497.9,1109.5,628.3,vuelo
3463,0.4746,1172.0,795.3,1205.4,832.3,vuelo
3463,0.4098,1025.9,541.6,1062.1,598.0,vuelo
3463,0.2572,993.5,795.5,1027.2,851.6,vuelo
3463,0.2525,993.9,795.1,1027.6,852.6,vuelo
3464,0.5939,1009.3,578.9,1045.9,644.9,vuelo
3465,0.4465,996.4,555.8,1029.6,600.2,vuelo
3466,0.582,981.0,462.9,1018.5,524.6,vuelo
3466,0.3004,963.3,727.7,992.2,775.4,vuelo
3467,0.4451,987.5,448.6,1024.4,515.1,vuelo
3469,0.4088,989.9,568.5,1027.6,644.6,vuelo
3469,0.299,1717.7,146.7,1761.4,215.8,vuelo
3470,0.5695,980.2,600.9,1016.5,679.0,vuelo
3470,0.5636,951.8,857.4,989.0,917.5,vuelo
3470,0.417,1714.1,175.1,1757.3,235.8,vuelo
3470,0.2534,1896.5,47.2,1920.0,130.0,vuelo
3471,0.3851,980.7,609.2,1019.1,675.3,vuelo
3471,0.3807,954.9,878.1,992.3,938.9,vuelo
3472,0.2762,0.4,572.2,26.4,643.3,vuelo
3473,0.2776,1017.9,614.2,1054.7,684.1,vuelo
3474,0.3229,1025.0,594.8,1063.4,669.6,vuelo
3474,0.3037,1024.4,594.8,1062.3,662.7,vuelo
3475,0.3997,1028.8,561.6,1068.8,637.1,vuelo
3477,0.3713,1030.7,467.4,1068.6,536.7,vuelo
3478,0.5862,1042.4,488.1,1084.9,567.0,vuelo
3478,0.5492,1024.8,756.2,1063.4,819.1,vuelo
3479,0.534,1046.4,722.7,1085.0,793.6,vuelo
3479,0.3165,1062.9,454.5,1103.1,533.8,vuelo
3480,0.5478,1049.5,448.2,1090.6,525.3,vuelo
3481,0.5512,1008.7,512.6,1049.1,588.8,vuelo
3482,0.4517,991.3,587.0,1031.0,653.5,vuelo
3483,0.7056,995.4,615.8,1036.8,700.5,vuelo
3485,0.7051,1064.7,571.1,1108.0,652.7,vuelo
3486,0.6233,1091.5,538.9,1137.6,635.2,vuelo
3486,0.3347,1023.0,823.9,1066.8,912.9,vuelo
3487,0.6669,1096.4,530.2,1142.3,615.9,vuelo
3489,0.5634,939.8,614.9,984.3,698.8,vuelo
3490,0.3829,925.4,599.0,970.2,672.1,vuelo
3490,0.2677,874.6,933.6,914.1,998.4,vuelo
3491,0.7639,920.3,570.6,965.8,682.5,vuelo
3492,0.3796,866.0,894.3,906.2,966.9,vuelo
3493,0.4196,867.5,874.7,908.3,942.6,vuelo
3494,0.3055,884.5,837.1,927.5,911.7,vuelo
3494,0.2789,927.7,519.8,973.1,579.8,vuelo
3495,0.6565,946.5,467.8,993.7,559.2,vuelo
3495,0.3364,1157.0,798.2,1204.4,841.6,vuelo
3495,0.2902,906.9,808.7,951.4,877.2,vuelo
3497,0.6012,960.0,421.9,1014.1,527.1,vuelo
3498,0.7707,964.6,438.5,1014.1,548.3,vuelo
3500,0.4261,1612.1,21.6,1707.8,231.5,vuelo
3500,0.3133,978.4,450.5,1032.4,571.3,vuelo
3501,0.2826,1001.5,460.1,1054.9,588.0,vuelo
3502,0.6048,1032.2,462.6,1084.7,575.5,vuelo
3504,0.6185,1060.5,453.3,1114.0,563.5,vuelo
3504,0.4014,986.1,800.5,1033.0,890.3,vuelo
3505,0.7465,1066.3,389.9,1116.5,490.3,vuelo
3506,0.4197,1055.9,277.3,1106.3,390.5,vuelo
3507,0.802,1036.7,218.6,1090.0,331.3,vuelo
3507,0.4115,969.1,576.1,1017.2,665.0,vuelo
3508,0.5436,953.6,570.9,998.6,651.7,vuelo
3508,0.2556,1007.5,209.5,1060.1,314.7,vuelo
3509,0.3457,934.2,647.9,985.8,741.0,vuelo
3510,0.7695,962.6,318.3,1021.5,432.1,vuelo
3510,0.2844,919.8,690.7,969.8,782.4,vuelo
3511,0.6287,945.4,295.1,996.1,397.8,vuelo
3511,0.393,895.3,655.4,942.6,734.6,vuelo
3512,0.6047,918.5,180.4,982.4,312.4,vuelo
3513,0.612,910.4,140.4,966.2,270.5,vuelo
3513,0.3775,911.4,139.8,966.9,273.8,vuelo
3513,0.3197,875.6,527.5,925.7,614.5,vuelo
3514,0.5352,910.3,220.8,967.4,340.1,vuelo
3515,0.5686,876.8,649.2,929.9,735.6,vuelo
3515,0.5308,905.2,267.9,961.3,387.2,vuelo
3516,0.4093,907.2,219.9,970.3,335.3,vuelo
3517,0.3915,914.9,119.6,972.3,231.0,vuelo
3517,0.3402,914.8,116.7,971.4,223.4,vuelo
3517,0.3384,875.8,506.7,929.3,585.4,vuelo
3518,0.3181,926.5,34.0,981.8,162.7,vuelo
3518,0.2716,927.7,35.3,981.6,164.6,vuelo
3519,0.5865,920.2,580.8,968.1,667.5,vuelo
3519,0.3643,940.8,147.1,994.5,250.7,vuelo
3519,0.3592,941.3,146.7,993.6,255.1,vuelo
3520,0.377,917.6,671.2,969.0,761.3,vuelo
3520,0.3539,949.8,267.2,1012.0,394.5,vuelo
3520,0.2684,952.3,273.5,1009.4,394.3,vuelo
3522,0.6001,959.9,332.9,1015.4,451.6,vuelo
3523,0.7072,949.2,334.4,1011.4,474.2,vuelo
3523,0.5028,896.2,742.4,950.0,836.1,vuelo
3524,0.5907,894.2,752.5,945.2,846.6,vuelo
3524,0.4184,940.4,341.0,995.7,455.8,vuelo
3525,0.627,936.2,326.1,995.2,440.1,vuelo
3526,0.3854,927.7,327.9,990.2,431.1,vuelo
3527,0.4217,922.6,316.9,989.5,434.1,vuelo
3527,0.4151,878.3,742.6,933.6,839.4,vuelo
3529,0.4201,864.7,775.1,917.5,873.0,vuelo
3529,0.3523,172.4,974.2,234.6,1073.8,vuelo
3530,0.7996,926.3,382.2,991.8,534.9,vuelo
3530,0.2618,926.4,390.7,992.6,531.4,vuelo
3531,0.5167,922.8,412.1,985.6,531.1,vuelo
3532,0.4205,925.2,419.6,991.1,530.6,vuelo
3533,0.7729,936.6,428.4,998.6,571.1,vuelo
3533,0.5832,938.5,428.7,997.0,566.0,vuelo
3534,0.5301,937.8,419.1,999.0,541.0,vuelo
3535,0.4994,927.9,412.0,991.2,552.1,vuelo
3535,0.4882,925.9,413.7,990.9,546.0,vuelo
3536,0.494,914.2,411.3,979.5,555.4,vuelo
3537,0.4546,818.5,279.2,894.0,418.8,vuelo
3537,0.3618,819.1,281.2,893.9,416.0,vuelo
3538,0.8784,828.9,244.6,902.2,409.6,vuelo
3539,0.5468,852.8,221.8,929.8,357.9,vuelo
3539,0.2686,852.8,220.1,929.2,353.6,vuelo
3540,0.8268,881.9,189.1,954.3,367.9,vuelo
3541,0.8637,897.3,185.4,978.4,364.2,vuelo
3541,0.2826,834.1,684.2,901.8,816.1,vuelo
3542,0.8367,932.7,201.2,1003.3,347.7,vuelo
3543,0.8068,951.4,207.3,1023.6,377.4,vuelo
3544,0.7103,981.9,209.9,1053.8,375.3,vuelo
3544,0.3101,894.5,709.9,955.2,825.5,vuelo
3545,0.8323,1004.8,207.7,1077.4,368.8,vuelo
3546,0.4913,1015.0,199.6,1089.3,378.9,vuelo
3546,0.3697,910.0,701.0,977.6,835.4,vuelo
3547,0.7326,1016.2,214.5,1097.4,420.7,vuelo
3548,0.8571,1025.6,228.0,1100.2,399.6,vuelo
3548,0.712,897.4,713.3,970.0,867.3,vuelo
3549,0.7526,1039.7,210.9,1112.9,369.0,vuelo
3550,0.7084,906.6,715.1,979.7,856.7,vuelo
3550,0.4292,1059.7,201.8,1132.5,424.7,vuelo
3551,0.5545,1056.5,202.2,1130.4,418.7,vuelo
3552,0.8201,1057.1,225.2,1132.9,401.6,vuelo
3553,0.9093,1047.3,218.5,1121.2,396.1,vuelo
3553,0.3211,896.2,722.3,972.5,883.2,vuelo
3554,0.8731,1022.1,189.8,1098.4,374.6,vuelo
3554,0.699,892.1,707.3,966.8,845.1,vuelo
3555,0.8159,990.9,171.3,1066.8,338.5,vuelo
3555,0.2648,867.5,693.1,937.2,784.8,vuelo
3556,0.6562,965.6,153.4,1039.5,340.8,vuelo
3556,0.5779,836.7,681.7,913.1,823.6,vuelo
3557,0.7845,908.5,151.4,983.0,336.8,vuelo
3557,0.7467,794.4,678.0,874.6,819.7,vuelo
3557,0.3792,50.9,781.1,147.5,953.0,vuelo
3558,0.879,855.6,149.1,933.8,317.2,vuelo
3559,0.6403,827.2,114.7,915.1,291.2,vuelo
3559,0.2784,730.4,645.9,805.5,745.5,vuelo
3560,0.9103,833.6,90.7,909.4,291.4,vuelo
3561,0.8531,832.9,56.2,912.7,272.2,vuelo
3562,0.6821,839.8,8.6,930.5,220.7,vuelo
3564,0.6421,912.5,0.0,979.8,144.6,vuelo
3566,0.7055,841.4,472.4,919.9,613.6,vuelo
3566,0.505,952.2,0.0,1031.0,144.9,vuelo
3567,0.283,2.0,595.1,70.3,724.5,vuelo
3568,0.5335,97.4,577.4,190.8,740.5,vuelo
3568,0.323,993.6,0.9,1072.6,151.7,vuelo
3573,0.5642,772.4,253.8,854.2,396.2,vuelo
3574,0.4655,0.0,468.3,60.7,618.0,vuelo
3575,0.7723,749.7,378.9,831.9,516.0,vuelo
3575,0.2844,753.2,403.3,832.6,516.2,vuelo
3582,0.2961,719.8,186.7,805.3,354.5,vuelo
3583,0.5345,731.3,281.2,817.5,453.8,vuelo
3584,0.3275,739.2,440.7,826.2,588.3,vuelo
3585,0.3417,747.8,595.8,839.2,782.8,vuelo
3586,0.8474,881.3,0.4,974.2,233.9,vuelo
3587,0.7438,865.2,37.8,958.0,281.3,vuelo
3587,0.4511,864.7,38.9,956.9,281.0,vuelo
3588,0.5249,846.9,94.8,938.4,334.1,vuelo
3589,0.7342,813.4,160.8,910.9,407.7,vuelo
3590,0.8326,773.9,172.2,875.3,419.7,vuelo
3590,0.3857,634.5,870.0,739.1,995.2,vuelo
3591,0.9135,739.2,160.6,847.8,420.0,vuelo
3592,0.792,712.3,121.9,811.8,362.6,vuelo
3593,0.7929,693.1,63.2,805.6,313.5,vuelo
3593,0.3438,692.5,60.5,810.0,316.3,vuelo
3594,0.9051,684.3,2.3,803.7,251.6,vuelo
3595,0.605,684.6,0.0,798.0,224.0,vuelo
3601,0.5936,838.3,0.0,933.4,160.0,vuelo
3638,0.2953,21.4,898.1,56.6,952.3,vuelo
2551,0.3301,1728.9,721.2,1919.9,991.3,offline
2552,0.7581,1754.3,720.2,1919.8,1076.6,offline
2553,0.4056,815.9,1022.9,878.4,1079.8,offline
2553,0.3835,820.1,159.7,845.0,329.0,offline
2553,0.3578,1747.4,759.5,1919.9,1075.6,offline
2554,0.6907,1755.1,785.6,1920.0,1021.3,offline
2554,0.3374,811.1,1010.6,870.7,1079.8,offline
2556,0.8425,1684.1,822.7,1919.6,1077.6,offline
2557,0.4104,1742.0,830.9,1919.9,1069.3,offline
2558,0.5616,1035.1,440.6,1181.7,650.6,offline
2558,0.3588,1851.3,896.1,1920.0,1063.2,offline
2559,0.553,1152.4,440.0,1321.6,650.7,offline
2560,0.154,777.6,241.6,810.8,298.1,offline
2561,0.5181,1092.7,440.1,1161.6,482.6,offline
2561,0.3957,1068.6,248.5,1099.8,399.8,offline
2561,0.1637,166.9,465.6,224.6,528.0,offline
2562,0.6786,1759.3,867.6,1919.7,1078.9,offline
2562,0.3713,991.6,440.1,1054.1,475.9,offline
2563,0.1295,156.8,45.4,203.4,112.2,offline
2565,0.6442,917.5,440.0,978.1,483.5,offline
2565,0.1372,1049.0,150.8,1112.1,269.8,offline
2566,0.5403,915.3,440.0,976.4,484.2,offline
2567,0.5929,934.1,440.1,1002.5,495.8,offline
2567,0.4499,1664.7,846.9,1919.9,1077.8,offline
2567,0.351,1047.0,293.1,1100.0,353.8,offline
2568,0.7647,944.4,440.0,1012.8,502.3,offline
2569,0.7759,956.3,440.3,1030.9,520.6,offline
2569,0.7441,1697.1,852.4,1919.6,1074.5,offline
2570,0.7727,958.9,440.2,1026.0,510.1,offline
2570,0.3213,1251.1,290.2,1289.9,345.2,offline
2570,0.1018,23.5,623.0,57.3,650.7,offline
2571,0.7997,1001.9,440.0,1076.9,514.2,offline
2571,0.1754,1773.2,845.6,1919.8,1066.0,offline
2572,0.8159,1163.8,440.1,1234.8,507.9,offline
2572,0.1349,68.0,899.5,94.1,957.6,offline
2573,0.8361,1181.9,440.1,1250.3,495.7,offline
2573,0.1069,355.2,719.2,387.3,745.0,offline
2574,0.6819,1087.8,440.4,1157.9,526.5,offline
2574,0.4234,1059.3,270.9,1099.8,463.2,offline
2574,0.2007,1878.0,865.5,1919.6,984.2,offline
2574,0.1603,1755.8,354.9,1795.9,442.0,offline
2574,0.13,1717.4,348.1,1759.2,419.4,offline
2574,0.1145,224.9,671.2,253.8,694.3,offline
2574,0.1073,1422.9,195.3,1489.9,281.4,offline
2574,0.1017,1819.3,340.9,1876.8,446.4,offline
2575,0.7763,1019.8,440.3,1090.2,510.5,offline
2575,0.2066,153.4,533.6,199.4,599.0,offline
2576,0.8054,962.1,440.2,1032.5,531.5,offline
2576,0.4865,1662.3,843.4,1919.6,1074.2,offline
2576,0.2485,74.6,530.4,123.1,591.6,offline
2576,0.1038,1623.8,410.8,1726.1,511.6,offline
2576,0.1007,1541.7,367.9,1631.1,496.2,offline
2577,0.2893,34.3,540.4,86.6,623.9,offline
2577,0.1534,153.4,167.6,206.3,241.7,offline
2579,0.2114,0.1,710.4,29.1,726.5,offline
2581,0.1576,32.7,578.0,78.9,651.5,offline
2582,0.2706,160.5,201.2,199.4,262.1,offline
2582,0.1372,47.4,576.4,93.0,655.5,offline
2584,0.5921,1552.2,885.6,1869.1,1076.1,offline
2585,0.3848,898.2,562.2,1007.2,766.3,offline
2586,0.9363,1311.9,200.2,1456.4,385.9,offline
2586,0.13,1370.8,219.8,1446.6,388.2,offline
2587,0.5101,1433.2,917.8,1718.8,1076.8,offline
2587,0.413,472.4,440.6,602.2,709.2,offline
2588,0.9211,820.0,434.6,902.0,611.9,offline
2588,0.7747,1419.6,938.1,1693.0,1077.8,offline
2589,0.3474,1411.6,440.0,1468.9,475.9,offline
2589,0.1195,23.4,741.7,53.7,764.0,offline
2590,0.7155,895.7,648.4,1004.7,873.0,offline
2590,0.2813,1534.3,993.9,1757.4,1079.7,offline
2590,0.1652,79.8,651.5,125.8,723.5,offline
2590,0.1073,197.8,302.2,244.8,364.1,offline
2592,0.3355,1444.6,942.3,1696.8,1078.4,offline
2593,0.4294,820.0,550.9,845.5,639.8,offline
2593,0.3987,1397.1,927.1,1643.7,1077.9,offline
2594,0.1468,34.7,379.3,70.1,466.4,offline
2595,0.4589,1073.8,114.7,1125.7,224.3,offline
2596,0.33,1897.8,666.2,1919.7,693.0,offline
2598,0.3863,990.7,95.6,1062.2,236.3,offline
2599,0.3927,820.0,617.8,853.9,698.6,offline
2599,0.1585,57.7,487.1,89.4,561.1,offline
2600,0.3243,1021.6,95.0,1097.1,203.6,offline
2600,0.2841,1319.7,791.2,1581.7,1058.4,offline
2602,0.3492,1213.4,881.8,1435.6,1076.6,offline
2603,0.4181,1019.7,152.9,1068.9,245.4,offline
2603,0.3734,1224.6,882.3,1438.2,1077.2,offline
2604,0.542,1171.7,896.5,1408.5,1076.6,offline
2605,0.2216,1186.0,914.3,1427.1,1077.7,offline
2606,0.5374,1185.1,909.1,1413.9,1077.9,offline
2607,0.4924,1215.8,899.9,1458.2,1077.8,offline
2608,0.3515,1233.4,910.4,1440.5,1078.4,offline
2609,0.2389,1241.2,919.2,1463.4,1078.7,offline
2610,0.241,1239.3,933.0,1462.4,1079.0,offline
2611,0.4049,1241.4,939.8,1464.6,1078.8,offline
2611,0.2098,1909.4,786.4,1919.7,819.0,offline
2612,0.4655,1254.4,936.5,1475.7,1078.2,offline
2612,0.2571,1254.6,985.4,1364.8,1080.0,offline
2612,0.1528,112.0,360.5,151.7,436.5,offline
2613,0.2153,1248.3,946.7,1466.3,1077.7,offline
2614,0.109,57.9,689.1,92.1,750.5,offline
2615,0.25,1249.1,939.0,1471.7,1078.4,offline
2615,0.1769,1358.9,939.4,1472.0,1072.6,offline
2615,0.153,1249.3,975.8,1358.3,1080.0,offline
2615,0.1125,1908.6,815.7,1920.0,843.4,offline
2616,0.3592,1245.2,935.7,1461.1,1078.2,offline
2616,0.3537,1710.6,885.7,1855.5,1021.5,offline
2616,0.2765,1350.2,936.0,1458.0,1076.7,offline
2616,0.1635,1899.2,814.3,1919.8,887.2,offline
2617,0.5301,1230.8,930.2,1457.1,1078.5,offline
2617,0.3949,1707.9,886.1,1860.2,1024.1,offline
2617,0.256,1896.7,33.8,1919.9,94.2,offline
2618,0.55,1228.0,962.7,1455.5,1078.6,offline
2618,0.242,1903.7,822.5,1919.7,900.7,offline
2618,0.1727,1228.1,990.8,1334.8,1080.0,offline
2619,0.5234,1245.9,963.6,1462.8,1078.8,offline
2619,0.5076,1719.0,927.9,1865.1,1070.5,offline
2619,0.3857,1356.2,963.6,1461.9,1079.6,offline
2619,0.2154,1903.0,857.6,1919.7,889.3,offline
2619,0.2138,1246.3,994.3,1347.1,1080.0,offline
2619,0.1115,0.0,671.1,8.1,710.4,offline
2620,0.3967,820.0,606.8,835.0,701.3,offline
2620,0.3653,1125.6,243.3,1177.9,303.3,offline
2620,0.2881,1714.6,956.1,1867.0,1073.5,offline
2620,0.2444,1241.7,997.9,1455.7,1079.9,offline
2620,0.1784,1241.0,1024.9,1338.8,1080.0,offline
2620,0.1749,1349.6,998.0,1455.2,1080.0,offline
2621,0.7322,767.2,607.4,839.6,639.9,offline
2621,0.5921,1725.1,961.7,1868.4,1079.5,offline
2621,0.3383,1363.3,993.2,1464.5,1079.8,offline
2621,0.3191,1132.5,263.9,1179.4,326.3,offline
2621,0.3168,1259.7,993.1,1465.9,1079.9,offline
2621,0.179,1908.0,898.0,1919.7,926.8,offline
2622,0.3346,1139.2,232.0,1229.3,338.5,offline
2622,0.3299,1183.2,232.7,1228.5,334.1,offline
2622,0.3008,1138.5,254.6,1183.2,338.4,offline
2623,0.4783,787.1,614.5,848.8,640.0,offline
2624,0.7683,787.2,606.5,849.2,639.8,offline
2624,0.6399,820.1,622.5,862.2,746.8,offline
2625,0.7819,787.3,601.3,849.9,639.8,offline
2626,0.9013,1808.7,261.1,1920.0,391.5,offline
2626,0.4267,795.0,616.1,837.1,640.0,offline
2626,0.2746,131.9,206.2,162.3,259.5,offline
2626,0.1124,217.7,384.5,255.4,455.5,offline
2627,0.3934,820.0,634.9,839.2,747.6,offline
2627,0.3135,783.4,620.0,824.6,640.0,offline
2629,0.393,1122.1,279.4,1171.5,352.1,offline
2629,0.3803,1077.8,290.5,1125.7,355.3,offline
2630,0.201,1306.2,1002.2,1401.5,1080.0,offline
2630,0.1838,1635.1,928.6,1762.6,1062.5,offline
2630,0.1633,160.2,427.9,193.5,496.7,offline
2632,0.4314,1299.0,966.3,1393.1,1079.5,offline
2632,0.3311,1201.9,966.7,1393.5,1079.2,offline
2632,0.264,1202.0,1015.6,1293.4,1080.0,offline
2632,0.174,1612.8,897.5,1729.4,1025.0,offline
2633,0.3496,1864.7,33.2,1920.0,108.2,offline
2633,0.1383,1.1,847.5,41.2,933.6,offline
2633,0.1009,128.5,445.3,160.6,511.3,offline
2634,0.5412,720.8,621.1,767.3,640.0,offline
2634,0.3836,1184.0,940.9,1367.0,1078.4,offline
2634,0.1164,121.1,461.2,149.2,536.0,offline
2635,0.6228,1206.3,958.5,1395.0,1078.4,offline
2635,0.171,1888.4,792.2,1919.7,857.6,offline
2636,0.5892,1203.5,953.8,1387.9,1078.7,offline
2636,0.1485,121.6,490.3,148.9,563.9,offline
2637,0.2781,129.5,519.1,159.3,585.4,offline
2638,0.2468,134.7,521.0,163.0,585.5,offline
2639,0.5339,1242.1,951.8,1435.0,1078.9,offline
2639,0.3085,1831.8,0.0,1878.7,80.2,offline
2639,0.2189,1788.1,784.9,1806.8,816.4,offline
2639,0.1097,1454.1,669.3,1500.1,744.2,offline
2640,0.3772,1847.2,0.6,1918.9,77.1,offline
2641,0.6414,820.0,680.9,858.4,816.8,offline
2641,0.4801,1264.5,963.0,1441.5,1080.0,offline
2641,0.1067,1812.6,810.1,1833.1,837.6,offline
2746,0.5047,1633.5,673.7,1723.3,759.7,offline
2746,0.4214,1396.8,711.6,1516.8,899.8,offline
2746,0.1372,1398.3,711.2,1472.0,820.2,offline
2747,0.4473,685.4,910.8,726.4,978.9,offline
2747,0.3905,1083.0,777.9,1100.0,866.2,offline
2747,0.1835,1605.9,657.4,1695.0,755.5,offline
2748,0.278,1644.1,479.0,1737.2,578.7,offline
2749,0.908,784.6,453.1,839.7,559.1,offline
2749,0.428,820.0,462.1,840.8,559.5,offline
2749,0.3244,1592.3,0.5,1630.3,64.0,offline
2749,0.3021,1038.2,810.8,1077.1,872.7,offline
2749,0.1604,1450.0,601.3,1578.8,791.3,offline
2750,0.2351,1736.0,732.5,1831.3,835.3,offline
2750,0.1027,1620.4,151.5,1663.9,232.3,offline
2751,0.3206,751.2,1035.5,788.5,1080.0,offline
2751,0.1745,80.3,662.4,117.4,722.3,offline
2752,0.7579,170.6,841.4,251.8,928.1,offline
2752,0.4188,170.3,842.8,277.3,1010.2,offline
2752,0.3062,820.0,584.2,853.0,639.6,offline
2753,0.2536,738.5,915.0,784.3,1006.7,offline
2753,0.1596,1188.8,747.9,1274.8,908.7,offline
2753,0.1235,1056.2,0.0,1086.4,43.8,offline
2754,0.8724,768.7,456.0,833.6,570.2,offline
2754,0.3427,1691.1,561.5,1789.8,670.8,offline
2756,0.9005,746.0,413.1,815.4,542.9,offline
2756,0.156,1105.5,624.1,1273.5,781.9,offline
2756,0.1008,155.0,655.8,182.8,711.9,offline
2757,0.1002,1800.1,974.9,1820.3,1013.4,offline
2758,0.8788,726.9,398.0,791.6,520.7,offline
2758,0.4105,1637.9,487.9,1728.1,590.0,offline
2758,0.4018,990.7,759.0,1029.5,814.4,offline
2758,0.3074,83.5,736.3,98.5,766.0,offline
2758,0.1733,1087.9,604.5,1235.5,769.2,offline
2758,0.1367,120.5,726.2,139.6,765.0,offline
2759,0.399,142.8,612.6,221.7,702.1,offline
2759,0.3037,1091.2,587.1,1233.1,773.4,offline
2760,0.8984,737.2,378.3,801.3,500.5,offline
2760,0.554,755.3,440.1,801.8,502.4,offline
2761,0.6649,772.4,440.2,817.7,483.5,offline
2762,0.8956,770.2,366.0,839.0,470.5,offline
2762,0.8934,236.3,554.2,345.3,639.3,offline
2762,0.4669,732.7,751.3,778.1,834.1,offline
2762,0.3894,1182.4,571.5,1261.6,740.6,offline
2762,0.2425,1695.3,471.7,1790.0,561.9,offline
2763,0.1104,1455.7,499.5,1534.2,618.0,offline
2764,0.334,1723.3,444.6,1822.6,546.2,offline
2764,0.1545,1146.3,543.8,1291.7,704.2,offline
2766,0.7451,305.6,499.4,379.2,579.4,offline
2766,0.6947,763.2,695.8,809.1,800.0,offline
2767,0.1607,1210.1,540.4,1290.2,705.5,offline
2767,0.1577,1704.6,458.3,1802.9,543.8,offline
2767,0.1438,1046.0,689.9,1104.3,749.1,offline
2768,0.1943,57.3,376.7,84.3,424.4,offline
2768,0.1062,1897.5,900.1,1919.3,933.0,offline
2769,0.7143,714.4,728.7,764.7,803.6,offline
2769,0.6193,1441.5,502.3,1568.4,704.4,offline
2769,0.329,1679.4,455.9,1779.0,554.7,offline
2769,0.2091,1132.5,551.2,1286.6,727.1,offline
2769,0.1686,1441.0,499.0,1517.7,630.8,offline
2769,0.1404,270.3,494.0,339.1,588.3,offline
2770,0.5246,774.0,440.0,813.5,471.8,offline
2770,0.3191,1666.5,474.7,1762.1,580.6,offline
2771,0.4623,699.5,735.2,747.7,826.2,offline
2772,0.4122,754.8,440.1,797.3,466.8,offline
2772,0.2899,1400.0,504.3,1477.2,615.6,offline
2772,0.1976,1146.4,564.9,1227.9,714.4,offline
2772,0.1683,1657.2,460.9,1739.0,556.1,offline
2772,0.1525,686.9,727.8,734.6,818.9,offline
2773,0.49,679.9,733.0,726.7,831.6,offline
2773,0.4516,740.4,440.2,781.1,463.5,offline
2773,0.4285,1080.4,609.8,1100.0,685.3,offline
2773,0.1707,1398.8,505.3,1472.9,618.5,offline
2774,0.6787,267.2,596.5,319.1,639.7,offline
2774,0.3699,1608.4,523.5,1701.9,641.3,offline
2774,0.3444,1061.0,673.4,1099.9,769.5,offline
2774,0.3274,667.0,816.6,712.9,883.4,offline
2775,0.8763,257.3,686.7,355.0,799.7,offline
2775,0.1589,644.9,911.3,694.5,1021.8,offline
2776,0.5374,942.8,907.4,990.5,970.6,offline
2776,0.3004,632.4,942.6,678.5,1016.8,offline
2776,0.1236,1369.3,692.9,1448.5,800.4,offline
2777,0.3057,1049.6,775.4,1100.0,872.8,offline
2777,0.1867,630.3,930.3,680.4,1038.4,offline
2777,0.1332,1600.8,625.5,1679.6,732.8,offline
2778,0.4848,261.1,612.1,310.4,640.0,offline
2778,0.4089,636.8,847.0,686.3,937.1,offline
2778,0.2061,1598.7,559.9,1683.7,637.6,offline
2779,0.3896,704.7,440.1,744.9,478.1,offline
2779,0.1396,649.2,735.6,696.2,826.1,offline
2781,0.2459,1613.8,350.8,1696.3,453.8,offline
2781,0.188,1359.1,418.2,1439.6,535.5,offline
2781,0.1609,27.3,616.7,45.3,643.9,offline
2781,0.1108,65.9,610.8,88.4,642.3,offline
2782,0.4193,1071.3,502.0,1099.9,603.7,offline
2782,0.2037,669.0,653.5,715.1,746.7,offline
2782,0.1674,351.8,480.3,435.4,605.7,offline
2782,0.1111,1385.7,403.4,1460.5,525.6,offline
2784,0.3381,32.5,391.8,56.4,445.1,offline
2785,0.2089,788.1,657.1,840.4,757.1,offline
2786,0.4372,475.6,440.0,527.9,492.8,offline
2786,0.3825,773.3,679.1,809.6,729.7,offline
2786,0.1491,774.0,679.2,823.4,759.2,offline
2787,0.4891,1697.0,333.3,1801.8,470.0,offline
2787,0.1853,1203.9,487.3,1274.6,645.0,offline
2789,0.5719,1657.3,440.0,1738.5,498.3,offline
2789,0.346,1171.4,509.8,1247.2,663.8,offline
2789,0.1501,1655.7,388.8,1768.1,499.3,offline
2790,0.5421,1667.7,440.4,1744.1,500.9,offline
2790,0.2356,1423.8,445.8,1501.1,572.2,offline
2790,0.1986,1675.2,389.5,1751.1,499.3,offline
2791,0.3523,761.3,440.2,803.5,456.2,offline
2791,0.3138,1646.2,440.2,1717.7,512.1,offline
2792,0.4039,1632.5,405.0,1723.7,530.9,offline
2792,0.3908,749.9,440.0,790.8,466.6,offline
2792,0.373,707.6,715.3,752.1,783.6,offline
2793,0.3457,1085.0,567.9,1099.9,662.5,offline
2793,0.1651,726.5,343.7,830.9,547.2,offline
2793,0.1514,1391.5,461.0,1471.3,582.4,offline
2793,0.121,111.9,674.0,134.7,709.6,offline
2794,0.6842,742.5,440.0,783.4,469.6,offline
2794,0.1944,692.3,728.3,737.3,813.4,offline
2794,0.1083,463.5,426.1,508.6,489.3,offline
2795,0.5089,1620.5,440.5,1687.9,511.6,offline
2795,0.3729,740.6,440.0,781.6,464.5,offline
2795,0.3358,1080.7,559.8,1100.0,659.0,offline
2795,0.3115,692.9,719.7,738.4,808.8,offline
2796,0.5575,1619.8,440.4,1687.3,483.4,offline
2796,0.325,1079.0,532.8,1100.0,651.3,offline
2797,0.7145,670.9,665.0,718.5,753.2,offline
2798,0.4025,445.3,337.4,572.0,545.5,offline
2798,0.2478,1343.0,393.4,1413.4,508.1,offline
2799,0.2097,1104.8,452.2,1180.0,600.5,offline
2801,0.7024,360.3,352.8,497.4,569.3,offline
2801,0.6235,568.0,317.3,701.3,528.5,offline
2801,0.5369,360.9,351.4,459.9,480.2,offline
2801,0.3341,1253.7,371.7,1318.2,496.0,offline
2802,0.2134,575.5,687.4,621.3,761.0,offline
2802,0.1304,1237.9,384.1,1306.5,497.4,offline
2803,0.2212,379.8,358.1,507.0,553.0,offline
2805,0.255,418.5,352.7,537.4,532.9,offline
2806,0.6261,429.8,338.2,546.3,526.7,offline
2809,0.1061,1460.4,309.9,1529.4,405.7,offline
2810,0.4126,576.1,696.6,621.5,772.4,offline
2811,0.8085,564.8,322.1,626.8,427.4,offline
2811,0.5231,427.2,329.8,485.3,410.9,offline
2811,0.3988,425.2,332.0,540.1,496.0,offline
2812,0.3845,459.7,306.7,578.7,488.8,offline
2812,0.3183,1257.0,376.4,1324.5,487.0,offline
2812,0.1252,1473.1,315.4,1539.3,406.3,offline
2813,0.5569,633.4,649.8,682.8,728.9,offline
2813,0.1162,925.7,608.9,974.8,659.5,offline
2813,0.1001,1296.6,392.0,1364.4,498.8,offline
2814,0.1373,1388.7,387.5,1460.4,510.1,offline
2814,0.1369,973.3,592.6,1020.0,654.6,offline
2815,0.1628,1443.8,413.9,1518.7,517.6,offline
2816,0.22,1218.7,457.3,1303.5,616.5,offline
2816,0.201,1483.1,426.6,1592.1,602.4,offline
2817,0.2926,1758.4,414.1,1859.7,515.6,offline
2817,0.1756,1507.0,441.7,1586.8,544.5,offline
2817,0.1546,1250.2,473.1,1330.8,625.7,offline
2818,0.3514,818.4,595.8,861.4,656.3,offline
2818,0.2644,1214.0,478.8,1353.3,635.5,offline
2819,0.1591,1786.9,446.5,1885.6,550.5,offline
2819,0.1575,1127.9,602.5,1154.9,664.5,offline
2819,0.1009,1434.2,717.9,1464.7,786.5,offline
2820,0.1566,1681.8,477.9,1695.4,498.9,offline
2821,0.237,809.3,611.8,853.4,696.2,offline
2821,0.235,1787.8,461.5,1891.2,556.6,offline
2821,0.1976,1256.3,512.0,1338.4,655.8,offline
2821,0.1741,1518.3,489.4,1632.8,665.6,offline
2821,0.1566,1519.0,489.1,1604.6,586.4,offline
2821,0.1109,1262.2,333.2,1303.8,397.7,offline
2822,0.8807,876.1,265.7,926.6,400.5,offline
2822,0.2348,1245.7,509.0,1324.1,673.6,offline
2822,0.1171,278.1,704.1,319.8,767.0,offline
2822,0.1094,196.5,253.1,222.7,300.4,offline
2822,0.1093,1088.1,626.2,1122.6,703.0,offline
2823,0.4421,1226.8,524.7,1309.6,674.3,offline
2823,0.3712,772.6,629.1,817.7,725.6,offline
2823,0.188,1486.6,504.7,1575.2,608.4,offline
2823,0.1749,1748.1,480.1,1844.4,582.0,offline
2823,0.1021,1375.8,756.8,1401.1,823.1,offline
2824,0.2265,1728.0,475.9,1803.8,578.5,offline
2824,0.2102,1210.8,525.0,1296.0,678.5,offline
2824,0.1516,1472.7,499.0,1547.4,613.4,offline
2825,0.5015,820.2,253.7,843.2,325.6,offline
2826,0.1283,1434.8,491.0,1511.4,598.6,offline
2827,0.6909,733.2,728.3,779.6,818.8,offline
2827,0.686,797.2,318.2,835.9,385.7,offline
2827,0.1904,1435.1,546.4,1509.1,667.9,offline
2828,0.3898,800.2,457.9,840.8,510.3,offline
2828,0.2248,640.3,913.4,665.0,996.4,offline
2828,0.1539,1562.2,671.2,1574.9,688.6,offline
2829,0.5088,705.3,942.0,751.6,1041.5,offline
2830,0.7715,772.4,609.9,819.2,639.9,offline
2830,0.1187,708.7,972.1,740.4,1019.6,offline
2831,0.8645,772.1,600.8,819.4,640.0,offline
2831,0.3642,697.4,962.0,744.8,1060.0,offline
2831,0.1051,1409.7,786.0,1487.6,892.5,offline
2833,0.6184,719.1,842.5,766.5,920.6,offline
2834,0.307,820.2,440.5,858.3,528.7,offline
2834,0.1713,741.2,743.6,784.8,830.7,offline
2836,0.2656,1197.8,417.1,1279.6,577.0,offline
2836,0.2329,1451.8,378.9,1532.5,495.6,offline
2836,0.1649,1886.0,459.3,1919.7,525.7,offline
2837,0.5407,1149.7,440.1,1280.8,520.4,offline
2837,0.4044,1687.5,287.5,1787.1,395.5,offline
2838,0.1849,1220.8,336.6,1300.9,481.0,offline
2839,0.3342,1474.4,297.9,1582.1,479.2,offline
2839,0.252,1225.0,329.1,1301.8,490.6,offline
2839,0.1752,1716.9,256.9,1821.1,359.0,offline
2839,0.1638,794.1,479.1,837.9,568.6,offline
2839,0.108,716.9,539.8,741.9,603.0,offline
2840,0.467,799.5,484.7,845.5,550.4,offline
2840,0.4299,1178.8,440.0,1305.4,494.9,offline
2840,0.202,1231.9,337.6,1307.1,496.3,offline
2840,0.19,1462.0,297.5,1536.4,418.2,offline
2840,0.1724,1703.3,270.4,1794.3,374.4,offline
2840,0.1333,182.2,206.3,192.1,225.1,offline
2840,0.1327,429.9,47.3,455.4,107.4,offline
2841,0.571,1176.7,440.0,1296.8,494.6,offline
2842,0.4571,1181.8,440.1,1297.4,501.1,offline
2842,0.1879,1722.8,285.6,1818.3,386.5,offline
2843,0.3532,817.4,494.8,861.2,546.7,offline
2843,0.3305,1179.4,440.0,1309.7,511.1,offline
2843,0.2831,1178.5,346.3,1307.4,512.5,offline
2843,0.2811,1731.9,289.1,1827.0,383.5,offline
2845,0.6823,808.4,485.9,850.6,553.0,offline
2845,0.2896,1718.1,274.4,1801.2,367.8,offline
2845,0.184,1380.9,549.8,1408.9,602.1,offline
2845,0.1486,1076.9,476.4,1121.3,528.1,offline
2845,0.1341,260.0,639.8,290.4,708.6,offline
2847,0.2154,1469.7,184.7,1546.2,301.9,offline
2847,0.1355,1719.4,147.2,1803.5,256.6,offline
2848,0.3551,1053.2,317.8,1091.4,372.2,offline
2848,0.2061,1214.1,184.8,1289.8,337.6,offline
2848,0.1158,1461.4,147.7,1542.4,256.5,offline
2849,0.8313,825.8,0.3,885.6,131.9,offline
2849,0.3907,979.2,0.1,1031.8,49.2,offline
2849,0.3363,9.0,769.2,116.3,840.0,offline
2849,0.2178,1693.4,119.9,1780.3,208.8,offline
2849,0.2083,1138.5,190.9,1269.2,336.5,offline
2849,0.2061,782.3,330.7,822.5,410.2,offline
2851,0.1744,1412.8,202.2,1489.5,321.9,offline
2852,0.1991,379.0,10.0,401.5,56.2,offline
2854,0.5337,764.1,362.4,805.2,442.7,offline
2856,0.6545,782.5,365.3,825.2,429.6,offline
2856,0.3836,0.2,783.3,97.7,846.9,offline
2857,0.3865,796.2,368.4,837.8,426.7,offline
2857,0.1422,376.7,422.2,412.8,497.5,offline
2858,0.1913,1494.4,185.2,1573.7,300.4,offline
2858,0.1848,0.1,1029.5,58.3,1079.7,offline
2859,0.3075,1523.2,203.8,1597.9,312.0,offline
2859,0.142,1278.5,232.9,1354.4,374.3,offline
2859,0.1098,1113.0,355.7,1157.9,400.8,offline
2860,0.1991,0.1,1018.7,85.3,1079.6,offline
2860,0.1174,1423.2,452.1,1447.4,505.7,offline
2861,0.1345,782.2,435.7,808.5,507.7,offline
2861,0.1275,1529.1,234.9,1609.5,344.0,offline
2862,0.3724,1220.5,275.2,1351.1,430.7,offline
2862,0.1832,1520.7,254.9,1604.7,371.1,offline
2862,0.1624,1780.9,233.9,1863.0,337.3,offline
2862,0.1032,299.7,532.8,325.9,591.9,offline
2863,0.3266,1116.5,440.1,1143.1,459.2,offline
2864,0.7361,833.4,403.4,876.2,481.6,offline
2864,0.105,1102.6,408.7,1146.7,462.7,offline
2865,0.1958,1503.9,251.5,1582.1,369.5,offline
2865,0.1027,501.8,14.6,521.2,63.2,offline
2866,0.1715,1257.2,286.5,1333.0,428.0,offline
2867,0.3185,0.0,1045.2,49.5,1080.0,offline
2867,0.2768,1505.7,237.2,1596.8,348.3,offline
2868,0.1644,752.5,423.4,778.1,483.3,offline
2869,0.4707,1498.8,213.1,1612.5,383.9,offline
2869,0.3972,0.7,1026.7,51.2,1074.3,offline
2869,0.2165,1743.9,193.7,1842.6,281.4,offline
2870,0.1191,749.5,403.2,776.2,474.8,offline
2871,0.8886,878.8,23.7,926.7,145.0,offline
2871,0.1816,1503.7,196.1,1584.4,309.8,offline
2871,0.1792,1755.4,169.8,1836.8,275.4,offline
2871,0.1106,1082.5,343.7,1126.5,397.9,offline
2872,0.8981,880.2,18.8,935.5,146.2,offline
2872,0.1408,1110.0,338.2,1133.5,384.8,offline
2874,0.1402,274.8,259.2,290.1,289.2,offline
2875,0.6396,808.7,348.0,851.6,421.4,offline
2876,0.6453,805.3,353.2,846.9,422.8,offline
2876,0.1186,406.7,126.3,440.4,201.9,offline
2877,0.6819,816.6,346.2,858.3,416.7,offline
2878,0.1788,1327.2,193.0,1403.5,356.3,offline
2881,0.3845,1409.0,0.0,1475.8,32.0,offline
2881,0.1101,865.9,401.4,901.6,493.7,offline
2882,0.156,1300.4,208.9,1386.1,353.2,offline
2883,0.3015,0.0,990.6,45.3,1051.4,offline
2883,0.2961,1271.4,224.7,1353.3,369.5,offline
2883,0.2248,1133.9,339.9,1168.0,404.6,offline
2885,0.2216,1256.7,225.2,1336.7,363.6,offline
2886,0.4887,828.6,341.4,870.6,405.1,offline
2887,0.3958,1154.3,350.9,1171.2,390.5,offline
2887,0.3615,1131.0,354.3,1150.8,387.5,offline
2887,0.2391,1294.6,227.4,1386.6,369.5,offline
2887,0.2289,1561.1,201.9,1657.7,312.3,offline
2887,0.1932,1827.2,175.2,1919.7,277.4,offline
2889,0.2573,1847.8,155.1,1919.9,275.5,offline
2889,0.2479,1585.0,184.2,1667.5,312.2,offline
2890,0.3372,26.6,779.9,133.0,854.2,offline
2891,0.1374,1216.1,246.8,1294.9,402.5,offline
2891,0.1309,1471.9,218.9,1547.0,336.2,offline
2893,0.5421,715.1,372.7,756.6,456.6,offline
2893,0.2066,989.9,361.8,1032.4,419.0,offline
2893,0.1176,1394.5,205.5,1471.1,306.3,offline
2894,0.7029,694.2,378.7,735.6,446.4,offline
2894,0.5507,1076.5,262.4,1100.0,368.3,offline
2895,0.1408,1365.5,179.5,1439.5,309.7,offline
2896,0.1161,1352.0,169.2,1423.1,297.2,offline
2897,0.1219,1353.2,146.5,1422.9,274.7,offline
2898,0.6644,1270.5,0.7,1329.1,31.8,offline
2899,0.4518,662.0,328.3,704.5,408.2,offline
2899,0.1328,1340.0,141.6,1412.8,252.4,offline
2901,0.496,1029.0,185.0,1099.8,322.3,offline
2901,0.2919,634.5,321.4,678.9,382.2,offline
2902,0.8576,685.1,0.3,745.4,120.5,offline
2902,0.1116,1237.2,489.0,1277.0,535.4,offline
2903,0.8085,811.3,0.3,871.6,96.1,offline
2904,0.7675,817.1,0.0,864.8,99.8,offline
2904,0.106,1308.9,489.9,1359.6,537.0,offline
2905,0.8383,812.2,0.2,860.0,115.3,offline
2905,0.5065,1496.4,1.0,1556.8,30.2,offline
2906,0.8058,796.9,0.2,853.5,108.8,offline
2906,0.4128,1481.4,0.0,1556.1,23.8,offline
2907,0.8033,785.5,0.3,850.3,132.8,offline
2907,0.5591,616.7,0.1,670.6,186.0,offline
2907,0.5331,1472.0,1.0,1545.6,26.3,offline
2907,0.4696,700.5,296.1,744.8,370.5,offline
2907,0.3014,1089.3,191.1,1099.9,298.2,offline
2908,0.8289,779.2,0.3,831.4,98.1,offline
2908,0.4491,1082.7,186.7,1100.0,299.2,offline
2908,0.2343,1649.9,130.8,1749.6,242.3,offline
2908,0.16,1396.1,147.4,1476.4,273.1,offline
2908,0.1587,98.7,406.1,128.3,471.8,offline
2909,0.8683,779.1,0.9,832.2,110.2,offline
2909,0.2853,1493.0,0.8,1538.6,25.8,offline
2910,0.7836,786.6,0.2,835.3,98.9,offline
2910,0.3017,1085.5,181.2,1099.9,290.3,offline
2911,0.855,782.7,0.0,834.3,102.0,offline
2911,0.2646,695.0,282.6,739.9,358.0,offline
2911,0.1322,1855.3,247.3,1918.1,342.7,offline
2912,0.71,801.3,0.2,853.6,95.2,offline
2913,0.3613,139.4,457.0,165.3,515.4,offline
2915,0.1462,1333.2,612.2,1359.6,664.6,offline
2916,0.7514,776.5,533.7,818.8,621.0,offline
2917,0.6488,781.1,550.2,822.8,630.1,offline
2918,0.7275,777.4,536.8,819.5,602.6,offline
2919,0.4376,779.5,531.6,821.4,601.7,offline
2920,0.4176,1685.0,440.2,1754.8,481.4,offline
2920,0.3179,772.8,494.0,814.2,571.4,offline
2921,0.104,1676.9,367.8,1762.8,465.1,offline
2922,0.3472,1114.2,440.3,1242.0,503.3,offline
2922,0.1238,335.5,488.6,378.6,577.6,offline
2923,0.1803,1269.3,580.6,1296.8,630.5,offline
2924,0.5981,734.3,458.4,774.6,537.6,offline
2924,0.1757,1379.7,362.0,1447.6,458.4,offline
2925,0.4478,711.8,470.5,751.6,537.7,offline
2925,0.1953,1589.4,356.9,1656.4,448.0,offline
2925,0.1598,1350.8,368.1,1420.8,471.1,offline
2926,0.4689,820.0,180.9,837.9,278.5,offline
2926,0.1104,630.6,476.8,656.6,564.2,offline
2927,0.1655,701.5,388.8,738.8,439.5,offline
2928,0.252,689.4,313.5,729.8,390.6,offline
2928,0.2215,1026.9,215.4,1167.8,398.2,offline
2928,0.1502,1518.0,178.1,1603.8,273.9,offline
2929,0.2483,1030.7,160.0,1169.2,311.1,offline
2929,0.1965,1295.7,134.4,1390.6,302.5,offline
2930,0.6923,755.3,0.3,812.7,79.9,offline
2930,0.154,1526.1,90.9,1599.4,181.7,offline
2931,0.742,759.2,0.0,799.4,79.5,offline
2932,0.5,1020.2,117.6,1100.0,247.6,offline
2932,0.4549,756.2,0.3,823.1,90.0,offline
2932,0.1777,1094.7,111.7,1133.4,165.3,offline
2933,0.7565,740.5,0.5,799.6,82.4,offline
2934,0.6026,748.3,0.4,792.4,84.7,offline
2934,0.1695,0.1,818.2,33.7,855.1,offline
2935,0.8291,745.1,0.1,797.2,87.5,offline
2935,0.3919,0.0,794.4,47.4,851.2,offline
2935,0.3294,695.4,270.2,733.3,327.3,offline
2935,0.1089,629.5,309.9,662.4,392.9,offline
2936,0.6529,752.4,0.3,806.7,108.8,offline
2936,0.1641,1054.3,141.6,1125.8,272.1,offline
2938,0.3184,697.2,296.0,733.4,350.5,offline
2938,0.1794,1469.7,94.8,1516.2,198.6,offline
2938,0.1587,1266.3,126.7,1323.7,246.3,offline
2938,0.1401,628.0,329.5,656.8,405.1,offline
2939,0.1031,1446.7,106.8,1506.5,182.9,offline
2939,0.102,1248.0,133.5,1306.4,225.5,offline
2940,0.245,688.0,276.3,722.4,335.0,offline
2940,0.1021,1883.5,592.4,1919.9,686.6,offline
2941,0.6958,735.6,0.3,781.0,97.4,offline
2941,0.3259,1866.3,570.0,1919.6,687.7,offline
2941,0.1804,0.7,736.0,86.6,801.0,offline
2942,0.6622,746.6,0.5,799.0,86.8,offline
2942,0.3635,607.6,0.4,653.0,174.1,offline
2942,0.2145,1880.7,563.0,1919.8,609.3,offline
2942,0.2009,28.6,739.9,107.4,809.7,offline
2943,0.8311,752.7,0.2,801.3,93.9,offline
2943,0.3256,1873.3,571.8,1919.8,623.7,offline
2944,0.2394,713.1,250.4,744.8,295.8,offline
2945,0.4373,1848.8,594.2,1908.0,706.0,offline
2945,0.4156,1847.6,592.7,1901.4,639.2,offline
2945,0.3832,705.4,249.3,737.2,323.7,offline
2946,0.3601,1841.5,616.6,1893.7,667.0,offline
2946,0.2372,1226.4,132.1,1306.5,283.1,offline
2946,0.2068,991.7,159.1,1098.8,297.4,offline
2946,0.1807,1890.8,684.0,1919.8,730.7,offline
2947,0.5928,1518.0,0.7,1567.9,35.4,offline
2947,0.466,1809.4,630.2,1862.7,669.8,offline
2947,0.3773,1810.2,627.6,1869.8,712.7,offline
2947,0.2865,697.1,292.0,737.0,350.1,offline
2948,0.1512,1223.1,158.9,1295.0,303.0,offline
2949,0.3285,1792.5,614.9,1844.5,659.9,offline
2949,0.2681,1526.1,0.0,1563.5,40.1,offline
2949,0.1139,22.4,771.9,107.0,848.7,offline
2950,0.5217,1206.2,162.0,1280.9,301.9,offline
2950,0.2877,973.4,184.5,1097.2,328.6,offline
2950,0.1722,1535.5,0.9,1563.3,33.0,offline
2950,0.1557,1856.7,689.5,1885.7,735.3,offline
2951,0.5009,780.4,359.3,812.3,407.4,offline
2951,0.4697,1840.6,711.4,1890.4,749.2,offline
2951,0.4538,1841.5,706.4,1907.7,817.1,offline
2952,0.3264,968.4,300.9,993.2,335.0,offline
3000,0.3442,820.9,122.1,844.2,148.9,offline
3000,0.1966,714.6,0.0,760.9,75.0,offline
3000,0.1461,258.4,756.6,293.3,801.3,offline
3001,0.7866,1434.4,230.7,1471.2,304.1,offline
3001,0.5073,364.5,136.9,425.5,210.2,offline
3001,0.3167,244.5,358.5,298.1,409.7,offline
3001,0.3146,889.2,0.2,967.2,57.2,offline
3001,0.312,237.7,247.3,310.1,409.3,offline
3001,0.1446,674.0,59.2,701.0,103.3,offline
3001,0.1401,116.1,565.9,177.4,672.2,offline
3001,0.1277,378.2,166.8,426.1,249.0,offline
3001,0.1166,592.5,297.8,664.8,411.9,offline
3002,0.3714,1617.0,187.6,1649.7,239.4,offline
3002,0.3317,242.1,284.4,287.9,341.5,offline
3002,0.1229,284.8,607.7,308.5,651.4,offline
3004,0.5259,592.1,178.9,768.9,550.3,offline
3004,0.4828,280.0,559.8,311.3,609.9,offline
3004,0.3416,594.6,179.0,706.9,431.8,offline
3004,0.3374,373.6,0.4,431.1,58.1,offline
3005,0.4587,383.3,0.8,436.2,74.0,offline
3005,0.3837,388.7,1.9,413.4,66.8,offline
3005,0.3343,273.9,560.5,306.0,603.7,offline
3005,0.1209,246.3,232.9,288.5,293.2,offline
3007,0.7894,418.1,35.8,468.5,107.3,offline
3007,0.7823,1439.0,180.9,1479.1,268.3,offline
3007,0.2196,259.7,283.1,310.8,345.9,offline
3007,0.1421,215.2,518.6,254.4,575.4,offline
3008,0.7444,434.4,31.3,476.4,121.0,offline
3008,0.468,675.6,440.7,786.4,601.2,offline
3008,0.4112,843.9,0.0,868.5,19.0,offline
3008,0.3845,277.9,282.0,319.0,334.7,offline
3008,0.3644,292.4,203.5,334.9,244.0,offline
3009,0.5734,443.9,27.7,498.3,115.6,offline
3009,0.4255,849.1,0.0,874.0,20.7,offline
3009,0.3185,1616.0,238.9,1644.8,280.6,offline
3009,0.1326,303.3,197.7,349.7,248.4,offline
3010,0.3697,291.0,190.3,358.0,343.9,offline
3011,0.6583,1459.9,215.2,1504.5,292.9,offline
3011,0.5064,499.5,64.1,527.9,117.2,offline
3011,0.4026,300.2,292.4,337.8,347.0,offline
3011,0.1274,160.8,487.3,225.8,599.2,offline
3011,0.1272,312.9,611.2,345.7,651.1,offline
3012,0.4502,306.5,203.4,364.8,355.2,offline
3012,0.4115,498.4,37.0,530.8,110.2,offline
3012,0.3136,1448.8,225.4,1488.5,308.3,offline
3013,0.5842,1454.5,240.1,1491.4,323.7,offline
3013,0.4896,310.9,207.1,375.5,366.8,offline
3013,0.1643,729.7,36.5,755.3,72.7,offline
3014,0.7838,1460.4,256.0,1500.6,321.4,offline
3014,0.3049,318.1,621.4,349.6,664.3,offline
3014,0.243,945.4,0.5,1022.0,55.4,offline
3014,0.2268,252.2,548.5,295.4,649.8,offline
3014,0.165,338.2,215.7,377.1,266.1,offline
3014,0.1136,520.2,50.4,568.9,146.3,offline
3015,0.6121,1460.8,279.7,1503.7,355.4,offline
3015,0.4536,532.0,62.7,579.6,151.1,offline
3015,0.4124,741.3,63.8,767.3,114.2,offline
3016,0.818,1458.4,313.9,1500.4,390.6,offline
3016,0.774,543.2,91.0,586.5,178.5,offline
3016,0.3407,1634.7,449.5,1670.0,536.7,offline
3016,0.1998,815.1,0.0,839.4,33.4,offline
3016,0.1743,345.7,262.3,386.6,314.0,offline
3016,0.1669,552.6,127.0,587.9,195.3,offline
3017,0.7498,1418.0,385.0,1458.0,468.0,offline
3017,0.4906,1590.2,428.3,1615.5,478.2,offline
3017,0.2974,717.5,152.6,741.0,192.3,offline
3017,0.2456,274.5,389.3,314.2,449.1,offline
3017,0.1986,184.5,622.7,223.2,677.4,offline
3017,0.1406,245.1,706.7,273.6,758.3,offline
3017,0.1108,434.7,183.5,472.9,262.7,offline
3018,0.7996,1334.6,448.5,1373.4,522.8,offline
3018,0.6485,456.8,141.5,499.4,215.3,offline
3018,0.436,652.7,174.1,678.1,211.9,offline
3018,0.3036,222.0,309.1,263.3,363.4,offline
3018,0.2251,143.8,732.9,177.0,780.1,offline
3018,0.104,93.4,966.4,120.4,1030.2,offline
3019,0.3223,170.6,752.5,204.5,798.7,offline
3019,0.3207,809.3,209.9,836.2,238.2,offline
3019,0.3131,248.3,338.6,284.4,387.1,offline
3020,0.3442,155.8,673.6,202.5,804.5,offline
3020,0.3307,219.3,774.6,253.8,820.4,offline
3020,0.3122,700.2,213.4,722.4,244.7,offline
3020,0.2402,1202.9,139.6,1240.1,206.2,offline
3020,0.1294,1647.0,661.9,1685.4,722.0,offline
3021,0.4462,1407.3,455.4,1450.4,528.2,offline
3021,0.2806,183.5,683.4,218.0,741.0,offline
3022,0.3672,199.9,672.2,242.7,799.2,offline
3022,0.3616,256.6,764.3,289.7,813.8,offline
3022,0.1804,200.1,672.7,239.1,735.8,offline
3023,0.8079,579.9,167.8,615.8,229.6,offline
3023,0.2123,505.4,221.5,535.4,270.5,offline
3023,0.133,282.0,770.5,313.4,807.7,offline
3023,0.1153,224.3,679.4,264.0,746.4,offline
3024,0.8356,570.5,141.1,619.5,220.9,offline
3024,0.578,728.2,181.1,753.6,221.7,offline
3024,0.3416,292.2,436.2,329.5,487.9,offline
3024,0.2612,265.1,752.4,297.2,791.0,offline
3024,0.1727,1249.1,99.2,1284.5,153.4,offline
3024,0.1127,489.4,172.0,522.7,250.4,offline
3025,0.1962,553.1,161.6,592.3,241.8,offline
3025,0.1031,276.9,328.1,317.4,375.9,offline
3026,0.6932,546.1,96.0,583.9,180.4,offline
3026,0.4847,690.1,145.2,717.5,194.7,offline
3026,0.3845,741.2,0.1,771.6,48.3,offline
3026,0.1203,551.8,140.4,592.7,215.8,offline
3027,0.8236,1418.5,333.7,1458.7,406.0,offline
3027,0.3367,275.7,343.7,318.9,399.0,offline
3027,0.3125,276.9,247.7,342.7,399.0,offline
3027,0.3008,304.1,248.7,342.7,301.5,offline
3027,0.2713,265.7,656.9,296.5,697.7,offline
3027,0.1284,790.0,0.0,813.5,28.2,offline
3028,0.2992,290.1,607.0,320.9,647.6,offline
3028,0.2519,727.3,28.3,753.6,80.1,offline
3028,0.1499,189.2,88.0,212.6,139.1,offline
3028,0.1058,228.8,523.0,271.1,577.3,offline
3029,0.6091,1439.5,260.2,1474.7,334.6,offline
3029,0.3341,1611.9,302.0,1641.3,346.2,offline
3029,0.2543,603.3,0.0,647.9,66.6,offline
3029,0.2477,279.5,593.4,312.0,637.5,offline
3030,0.4186,258.3,261.9,305.0,333.9,offline
3030,0.4076,586.1,0.0,630.8,48.7,offline
3030,0.345,252.6,602.1,283.5,650.8,offline
3030,0.3245,187.7,517.9,228.1,637.1,offline
3030,0.1148,585.6,0.0,605.4,43.7,offline
3031,0.4234,573.9,0.0,624.7,62.1,offline
3031,0.3652,231.7,161.1,300.2,325.0,offline
3031,0.1354,259.7,164.5,299.0,218.8,offline
3032,0.3462,292.4,225.3,334.8,273.8,offline
3032,0.3134,265.9,329.0,310.6,388.8,offline
3033,0.6287,814.9,0.6,850.0,73.0,offline
3033,0.4909,326.7,401.9,369.7,466.4,offline
3033,0.4799,762.6,154.9,786.7,192.9,offline
3033,0.3928,362.8,326.8,395.6,376.2,offline
3033,0.3517,328.9,326.3,395.0,467.5,offline
3034,0.3025,718.7,178.4,740.8,225.1,offline
3034,0.1136,338.5,780.8,369.1,825.1,offline
3035,0.3297,405.4,378.8,437.8,421.9,offline
3035,0.1693,1713.3,523.1,1738.2,562.6,offline
3036,0.8095,726.1,153.5,764.9,230.8,offline
3037,0.7623,1530.0,459.6,1574.3,552.2,offline
3037,0.5623,362.5,800.3,390.7,850.9,offline
3037,0.4279,298.0,709.3,337.8,842.2,offline
3037,0.3137,412.6,377.4,445.5,426.0,offline
3037,0.3083,384.8,374.1,447.1,535.9,offline
3037,0.1637,1723.7,525.0,1750.2,562.1,offline
3038,0.4054,741.9,149.3,774.6,208.1,offline
3038,0.3151,299.6,714.2,336.8,828.9,offline
3038,0.1567,361.4,800.6,393.0,849.7,offline
3039,0.7864,1521.1,475.9,1565.6,544.9,offline
3039,0.6765,746.9,139.3,787.1,216.8,offline
3039,0.3095,378.2,481.8,416.0,532.1,offline
3039,0.3059,297.2,715.1,336.3,833.9,offline
3039,0.1769,356.5,804.7,388.5,849.8,offline
3040,0.7846,1528.4,458.0,1572.9,526.7,offline
3040,0.2517,356.7,787.0,387.8,830.6,offline
3040,0.1585,807.8,198.3,832.7,231.8,offline
3041,0.3618,298.7,642.1,340.0,765.5,offline
3041,0.124,362.6,733.1,393.0,778.7,offline
3042,0.3162,755.7,25.2,796.1,103.3,offline
3042,0.2938,857.6,0.0,892.6,42.5,offline
3042,0.1777,370.2,385.3,410.2,433.9,offline
3042,0.164,389.5,277.2,431.4,330.9,offline
3042,0.1524,798.4,106.7,823.7,142.7,offline
3042,0.1316,360.5,703.8,391.4,745.4,offline
3043,0.6423,840.1,0.3,875.7,55.8,offline
3043,0.4385,373.4,439.6,412.4,494.5,offline
3043,0.3384,394.9,333.3,436.4,380.2,offline
3044,0.3607,295.3,743.1,332.9,848.6,offline
3044,0.3002,367.4,483.3,408.4,543.3,offline
3044,0.188,351.5,824.3,383.3,870.7,offline
3045,0.7146,1528.5,504.8,1573.9,585.5,offline
3045,0.4494,368.1,513.2,407.2,569.5,offline
3045,0.3524,397.3,417.6,436.9,462.2,offline
3045,0.305,289.6,770.2,327.5,878.6,offline
3046,0.4073,779.8,172.0,798.0,206.9,offline
3046,0.3232,391.7,431.4,429.6,476.0,offline
3046,0.3052,367.2,530.8,402.9,580.9,offline
3046,0.2972,338.4,858.4,369.2,908.4,offline
3046,0.2241,768.0,173.6,801.8,212.2,offline
3046,0.104,772.8,170.1,814.0,243.6,offline
3047,0.4293,783.8,134.1,804.5,178.9,offline
3047,0.3599,782.3,133.9,809.5,217.0,offline
3047,0.3055,382.6,410.8,421.6,456.0,offline
3047,0.1627,1321.5,143.3,1360.0,206.8,offline
3048,0.265,309.9,892.5,341.7,938.1,offline
3048,0.1167,257.0,804.6,291.3,867.3,offline
3049,0.3367,311.8,940.6,345.4,983.2,offline
3049,0.3026,250.9,850.6,296.7,967.2,offline
3049,0.3026,259.7,851.1,294.7,886.2,offline
3049,0.2229,259.4,851.9,294.8,920.5,offline
3050,0.2373,317.8,960.4,350.0,1011.8,offline
3050,0.2076,254.3,871.4,299.0,984.8,offline
3050,0.1444,261.3,871.9,297.8,941.0,offline
3051,0.4962,788.7,350.3,813.4,390.7,offline
3051,0.3927,350.7,628.2,390.6,686.1,offline
3051,0.3339,1714.1,676.8,1741.5,719.5,offline
3051,0.2346,264.3,890.3,302.0,950.6,offline
3051,0.1179,325.3,982.5,357.6,1046.4,offline
3052,0.3529,1716.1,679.5,1754.6,730.6,offline
3052,0.3257,356.2,642.6,392.6,694.1,offline
3053,0.1989,274.7,918.1,309.8,971.0,offline
3053,0.1531,0.0,355.6,29.5,448.7,offline
3054,0.3936,356.7,544.6,418.2,709.0,offline
3054,0.1167,376.9,543.9,415.0,594.0,offline
3055,0.4352,273.3,920.3,310.3,979.4,offline
3056,0.3166,334.3,1009.0,369.4,1069.9,offline
3056,0.152,356.5,661.6,392.9,714.7,offline
3057,0.5231,355.7,538.6,419.5,691.9,offline
3057,0.3336,356.0,649.2,392.5,691.8,offline
3057,0.2231,347.3,998.8,371.8,1045.2,offline
3058,0.4264,341.7,958.1,374.9,1011.2,offline
3059,0.4327,350.3,481.6,417.6,638.4,offline
3059,0.3401,352.9,593.8,392.0,638.9,offline
3059,0.3177,349.5,940.4,379.6,988.6,offline
3060,0.3804,357.6,517.0,416.5,686.4,offline
3060,0.3556,784.9,324.9,811.2,363.1,offline
3060,0.2027,1710.8,765.3,1737.4,798.8,offline
3060,0.1887,356.2,641.5,395.1,686.7,offline
3060,0.1872,1172.7,232.2,1215.2,310.1,offline
3061,0.1785,280.8,936.0,318.3,991.0,offline
3061,0.177,1733.3,684.2,1757.4,723.2,offline
3061,0.1375,342.0,1023.7,376.7,1073.4,offline
3062,0.7784,1532.7,648.6,1580.8,734.5,offline
3063,0.2491,782.0,396.4,810.0,440.8,offline
3063,0.2197,346.5,711.2,385.1,761.4,offline
3063,0.1107,374.7,602.0,413.3,650.9,offline
3064,0.8128,917.3,252.9,958.8,328.9,offline
3064,0.1148,269.9,1002.0,307.2,1079.4,offline
3065,0.174,1736.3,866.7,1761.7,908.6,offline
3065,0.1258,936.7,292.0,957.4,334.3,offline
3066,0.7868,929.6,246.7,965.5,321.6,offline
3066,0.5275,352.1,607.3,419.1,764.0,offline
3066,0.13,743.3,432.1,764.7,482.1,offline
3067,0.7871,943.3,236.2,966.0,318.9,offline
3067,0.3032,1750.4,739.9,1782.4,784.9,offline
3068,0.4355,0.1,38.7,50.3,156.5,offline
3068,0.3247,367.2,597.0,431.6,753.9,offline
3068,0.1742,367.8,709.3,407.7,753.6,offline
3068,0.1289,795.5,395.6,820.8,436.7,offline
3069,0.5522,1557.7,637.2,1595.9,716.9,offline
3069,0.3548,1748.2,695.0,1782.4,745.2,offline
3069,0.3412,373.8,564.0,438.5,724.7,offline
3069,0.2325,804.4,361.7,830.1,402.9,offline
3069,0.1876,363.0,1031.6,397.7,1078.2,offline
3069,0.1103,373.8,674.1,410.4,725.5,offline
3070,0.1765,1748.3,791.5,1777.5,829.9,offline
3070,0.1378,802.9,343.0,828.7,385.1,offline
3071,0.3144,968.6,132.0,998.8,167.9,offline
3072,0.5902,810.6,296.9,837.0,343.2,offline
3072,0.4777,390.4,500.1,446.5,665.4,offline
3072,0.1551,388.5,617.2,430.6,664.1,offline
3073,0.7854,993.7,147.6,1030.3,214.1,offline
3073,0.717,1589.3,628.6,1624.5,718.9,offline
3073,0.3808,314.2,943.6,351.0,996.3,offline
3073,0.1485,769.9,365.7,790.4,431.4,offline
3073,0.1304,1359.6,243.4,1398.0,312.5,offline
3073,0.113,371.3,1024.4,405.0,1078.2,offline
3074,0.3897,1766.8,757.8,1801.5,816.9,offline
3074,0.364,1011.6,248.5,1053.8,324.6,offline
3075,0.578,1002.3,261.0,1024.1,320.3,offline
3076,0.4142,368.5,664.0,439.1,817.8,offline
3076,0.2802,368.1,776.6,406.6,817.7,offline
3078,0.7329,1571.8,764.7,1620.0,850.6,offline
3078,0.4396,362.3,783.0,406.1,829.8,offline
3078,0.3346,395.4,669.1,433.8,705.6,offline
3078,0.2712,765.0,487.0,787.4,548.7,offline
3078,0.1265,1074.7,402.7,1108.7,472.1,offline
3078,0.115,562.3,486.2,598.0,544.5,offline
3079,0.6966,1575.3,762.6,1620.5,848.9,offline
3079,0.4308,369.9,667.5,441.7,834.0,offline
3079,0.3079,370.7,791.3,411.3,833.8,offline
3079,0.1641,396.1,670.2,438.3,707.1,offline
3079,0.1173,767.6,489.0,786.8,547.2,offline
3080,0.3277,374.2,661.8,438.6,844.1,offline
3080,0.1797,375.5,792.0,413.4,845.4,offline
3080,0.1575,391.3,661.4,433.2,728.7,offline
3080,0.1331,1881.6,464.2,1919.8,536.2,offline
3080,0.1059,1782.1,965.0,1840.8,1032.5,offline
3081,0.6742,1581.3,755.6,1628.4,853.6,offline
3081,0.3027,375.8,786.8,414.4,839.2,offline
3081,0.2689,818.0,467.2,845.8,507.0,offline
3082,0.3365,971.0,477.6,993.0,503.8,offline
3082,0.3183,1073.5,404.8,1112.5,491.5,offline
3083,0.2042,367.0,805.6,407.6,850.0,offline
3084,0.2223,816.0,516.2,842.8,561.2,offline
3084,0.2033,371.7,853.4,409.2,903.1,offline
3084,0.1379,773.6,538.5,796.3,595.4,offline
3085,0.3038,361.2,783.3,455.3,950.2,offline
3085,0.3014,816.4,563.1,840.4,610.5,offline
3086,0.6086,1602.7,886.4,1654.9,980.2,offline
3086,0.4515,815.2,576.5,842.6,625.4,offline
3086,0.1645,366.5,922.0,406.9,972.9,offline
3086,0.1392,1308.3,2.6,1341.1,62.3,offline
3087,0.6405,817.1,581.2,842.8,629.6,offline
3087,0.2006,363.6,926.3,405.5,978.2,offline
3088,0.6128,1590.6,867.0,1636.0,959.6,offline
3088,0.2977,816.0,564.6,838.7,607.5,offline
3088,0.1924,565.6,593.2,594.8,655.0,offline
3089,0.306,361.9,901.1,405.3,943.9,offline
3089,0.1022,400.5,58.5,432.6,118.1,offline
3090,0.3235,0.0,175.3,52.7,298.3,offline
3090,0.2914,389.1,759.5,432.6,801.2,offline
3090,0.2097,1790.8,907.6,1820.7,955.5,offline
3091,0.382,434.3,0.6,509.8,85.8,offline
3091,0.2284,1728.1,869.3,1802.0,916.6,offline
3091,0.1542,354.2,850.7,397.7,896.5,offline
3092,0.1993,362.1,783.8,404.0,828.3,offline
3093,0.3542,1734.1,890.0,1792.4,967.4,offline
3093,0.303,379.8,618.8,424.6,660.3,offline
3095,0.7694,1582.2,764.3,1623.0,859.6,offline
3095,0.3264,558.2,511.8,594.1,570.3,offline
3095,0.2369,1065.1,411.5,1107.4,494.0,offline
3095,0.1561,370.2,826.6,411.7,870.2,offline
3097,0.1688,1784.7,940.1,1841.1,1014.5,offline
3098,0.7215,1609.6,792.5,1656.2,884.3,offline
3098,0.465,1610.4,796.2,1640.4,826.1,offline
3098,0.4071,401.7,715.0,456.6,894.9,offline
3099,0.7371,1611.0,848.6,1658.8,929.2,offline
3099,0.457,392.8,770.2,457.6,934.8,offline
3099,0.3328,417.8,770.7,457.0,809.1,offline
3099,0.1366,1230.3,447.4,1272.8,509.8,offline
3099,0.1113,391.8,890.1,428.9,935.2,offline
3100,0.815,874.0,346.9,905.2,424.1,offline
3100,0.6858,1612.7,854.4,1658.3,950.5,offline
3100,0.2526,24.4,720.8,56.5,784.2,offline
3100,0.1686,387.5,912.1,428.7,960.2,offline
3102,0.2146,1084.8,502.6,1130.3,594.4,offline
3103,0.1348,376.8,921.5,416.0,974.8,offline
3104,0.3244,404.3,781.0,441.8,813.5,offline
3104,0.2138,14.9,245.3,49.0,315.3,offline
3105,0.3023,970.6,529.5,998.1,555.6,offline
3105,0.2516,1598.7,842.0,1643.0,914.8,offline
3106,0.3788,1364.1,440.1,1399.5,471.3,offline
3106,0.37,976.9,523.6,998.1,551.2,offline
3108,0.6524,1584.1,826.3,1626.0,918.2,offline
3108,0.2355,1789.6,1033.7,1843.0,1080.0,offline
3108,0.2262,815.3,522.8,842.7,562.0,offline
3108,0.1483,1213.8,427.8,1255.5,504.1,offline
3109,0.1593,1206.9,413.7,1257.9,526.2,offline
3110,0.1741,1783.9,1024.7,1842.9,1080.0,offline
3111,0.6883,1585.2,860.8,1638.8,948.9,offline
3111,0.1702,360.1,926.3,400.8,975.9,offline
3112,0.4732,964.8,597.1,974.6,618.8,offline
3112,0.4435,951.5,597.1,962.7,618.4,offline
3113,0.538,835.7,440.1,861.7,483.1,offline
3114,0.5418,819.7,440.2,851.7,495.0,offline
3114,0.3771,307.8,982.4,355.2,1029.0,offline
3114,0.3517,1750.5,998.6,1779.0,1050.6,offline
3114,0.1179,517.8,639.3,550.8,704.0,offline
3116,0.134,288.8,23.8,321.4,82.2,offline
3116,0.1071,1120.3,489.3,1162.6,561.8,offline
3117,0.6046,662.9,538.6,692.7,585.5,offline
3117,0.1748,1059.7,18.6,1084.1,68.0,offline
3118,0.5053,1066.6,500.0,1116.8,598.3,offline
3119,0.3978,1118.2,517.9,1172.8,626.0,offline
3119,0.2228,229.4,970.7,274.6,1011.0,offline
3120,0.3063,1747.0,1026.6,1785.3,1075.7,offline
3120,0.1549,329.3,857.0,370.5,893.4,offline
3121,0.3811,951.6,616.4,974.9,648.5,offline
3121,0.2044,538.0,649.2,569.7,720.7,offline
3122,0.3112,305.4,851.0,378.2,1039.5,offline
3122,0.2394,726.3,649.0,748.6,707.2,offline
3122,0.1876,336.9,851.9,378.1,890.6,offline
3123,0.3023,1136.3,533.5,1186.0,629.8,offline
3123,0.1821,1246.2,1.4,1285.6,65.4,offline
3123,0.1069,1002.5,543.9,1038.1,611.7,offline
3124,0.2038,1236.0,0.6,1270.5,65.8,offline
3124,0.1606,932.5,524.0,1011.6,604.2,offline
3125,0.6672,774.6,607.1,801.7,654.8,offline
3125,0.3852,313.7,848.6,388.8,1021.6,offline
3126,0.6315,849.8,440.2,878.7,484.2,offline
3126,0.3556,348.2,1003.3,391.2,1039.1,offline
3127,0.7842,822.2,627.9,848.2,679.1,offline
3127,0.5148,1626.4,962.9,1670.4,1062.9,offline
3127,0.4546,866.5,440.5,905.7,501.0,offline
3127,0.1354,1326.8,5.2,1360.4,72.0,offline
3128,0.5071,1637.6,996.5,1685.7,1076.4,offline
3128,0.3691,989.7,647.1,1011.2,673.2,offline
3128,0.2482,582.7,672.6,614.6,735.9,offline
3128,0.1468,384.9,1023.8,426.2,1074.1,offline
3129,0.3407,0.3,291.0,65.4,409.1,offline
3130,0.3033,1639.5,986.1,1680.1,1059.8,offline
3131,0.6037,1241.3,503.9,1294.1,600.7,offline
3131,0.5656,828.3,587.3,856.4,629.5,offline
3132,0.5625,1237.2,438.3,1286.1,536.7,offline
3132,0.3148,984.9,521.5,1010.1,554.0,offline
3133,0.4355,827.1,533.4,853.6,587.6,offline
3133,0.3453,1042.7,454.2,1135.8,591.6,offline
3133,0.3326,1369.5,440.1,1410.1,478.0,offline
3133,0.1598,1079.4,454.3,1136.6,561.9,offline
3134,0.3176,1829.9,1003.1,1862.0,1067.5,offline
3134,0.2549,1088.5,511.8,1140.0,610.2,offline
3134,0.2449,1228.2,496.4,1285.0,600.8,offline
3135,0.8398,871.7,425.5,902.9,489.8,offline
3135,0.1099,1331.2,2.6,1369.8,70.3,offline
3137,0.3458,994.1,716.2,1018.3,749.8,offline
3137,0.2176,417.7,201.6,449.9,257.9,offline
3138,0.5045,417.6,984.8,460.8,1018.1,offline
3138,0.4081,844.4,724.7,871.8,767.7,offline
3138,0.3143,1254.6,632.6,1309.2,736.2,offline
3139,0.6772,843.0,719.0,869.6,770.1,offline
3140,0.4058,846.6,716.9,871.7,760.9,offline
3140,0.3024,1451.5,238.9,1489.3,285.1,offline
3141,0.7868,849.9,702.6,877.1,756.9,offline
3142,0.4316,1436.9,249.8,1482.4,308.4,offline
3142,0.4244,1495.7,78.4,1539.9,171.3,offline
3142,0.1514,1099.0,662.3,1155.4,755.8,offline
3143,0.8232,874.6,526.0,904.1,581.6,offline
3143,0.739,836.8,753.0,863.5,803.3,offline
3143,0.4649,1432.4,263.6,1474.4,328.1,offline
3143,0.4496,1473.2,98.7,1533.7,187.8,offline
3143,0.391,1005.1,755.1,1022.1,785.4,offline
3143,0.3105,1064.3,676.6,1145.3,773.7,offline
3143,0.1577,1241.0,663.3,1299.2,774.3,offline
3144,0.8168,871.3,511.5,902.0,571.3,offline
3144,0.7129,1481.0,113.6,1519.2,177.2,offline
3144,0.6595,838.9,730.4,865.8,778.7,offline
3144,0.5851,1427.2,253.2,1471.7,305.9,offline
3144,0.375,1496.1,81.4,1521.4,119.0,offline
3144,0.275,1061.3,652.8,1141.5,748.3,offline
3145,0.6671,1502.3,38.3,1539.2,112.9,offline
3146,0.6763,1503.2,46.0,1543.8,112.9,offline
3146,0.3666,1450.0,184.7,1486.4,250.9,offline
3146,0.2184,1060.5,605.0,1140.8,686.8,offline
3147,0.7501,1449.5,260.4,1490.3,316.6,offline
3147,0.6828,1522.5,79.4,1559.3,150.7,offline
3147,0.5448,1435.9,217.0,1494.8,317.4,offline
3147,0.3231,1524.8,49.4,1547.3,86.2,offline
3147,0.2918,1116.3,638.0,1157.9,732.7,offline
3147,0.2823,1070.1,638.2,1159.5,768.5,offline
3147,0.1871,423.7,978.1,464.3,1006.2,offline
3148,0.7848,885.7,522.3,915.3,581.7,offline
3148,0.3159,1519.9,91.3,1543.4,123.8,offline
3149,0.7824,1520.4,126.1,1557.3,202.3,offline
3149,0.6111,1446.8,257.1,1497.3,348.3,offline
3149,0.6071,1466.9,290.3,1498.6,353.0,offline
3149,0.4462,1519.4,112.3,1544.4,156.3,offline
3149,0.1633,1533.4,122.4,1557.7,181.5,offline
3150,0.8354,895.0,528.3,926.3,594.6,offline
3150,0.6699,1474.7,287.5,1503.2,337.5,offline
3150,0.6367,1440.3,256.9,1499.2,342.2,offline
3150,0.615,863.2,744.9,889.6,797.2,offline
3151,0.8152,1540.8,74.5,1590.1,153.3,offline
3151,0.7914,892.1,487.9,928.5,554.0,offline
3151,0.5089,1482.7,240.9,1511.8,289.5,offline
3151,0.3541,1457.8,215.1,1499.7,275.3,offline
3151,0.2343,857.0,708.0,883.8,755.1,offline
3152,0.5662,1441.1,161.0,1513.5,235.6,offline
3152,0.4009,1647.1,993.3,1695.3,1072.3,offline
3152,0.3288,1480.1,174.3,1515.0,230.5,offline
3152,0.1571,1362.1,0.0,1389.0,53.1,offline
3153,0.4985,1487.3,133.8,1521.1,199.9,offline
3153,0.4716,1546.4,0.1,1604.0,60.6,offline
3153,0.4197,1459.6,118.5,1516.7,199.0,offline
3153,0.2928,859.2,624.2,886.1,676.2,offline
3154,0.5544,1556.1,0.1,1596.8,68.1,offline
3154,0.3513,1026.6,657.8,1047.2,686.9,offline
3154,0.128,864.6,658.8,892.4,705.0,offline
3155,0.7584,1572.5,52.5,1608.9,124.5,offline
3155,0.631,1557.9,42.8,1590.7,108.9,offline
3155,0.4526,1502.4,192.8,1533.4,253.7,offline
3155,0.3801,1478.4,185.0,1532.3,254.7,offline
3155,0.1326,1219.4,102.0,1248.2,164.9,offline
3156,0.75,1572.9,105.7,1616.7,206.3,offline
3156,0.3994,1468.2,261.6,1526.0,312.2,offline
3156,0.3219,1565.9,103.3,1598.8,183.5,offline
3157,0.6476,1590.6,155.7,1625.3,235.6,offline
3157,0.5385,1482.7,292.8,1537.9,343.0,offline
3157,0.4091,1575.1,146.9,1601.9,222.9,offline
3159,0.7811,1586.1,111.0,1630.1,186.8,offline
3159,0.6703,873.9,728.1,901.1,776.6,offline
3160,0.8229,1602.4,30.2,1649.2,101.6,offline
3160,0.2078,877.0,659.1,903.5,704.4,offline
3160,0.1577,1680.6,1040.6,1713.5,1079.9,offline
3161,0.7196,924.0,401.1,955.2,461.6,offline
3161,0.4248,1618.6,0.4,1668.7,69.0,offline
3161,0.275,1286.5,545.1,1342.9,654.5,offline
3161,0.1609,1104.4,558.8,1187.0,652.3,offline
3161,0.1394,1427.3,0.0,1455.1,38.7,offline
3162,0.2522,1676.1,993.6,1719.2,1070.1,offline
3163,0.618,1622.1,26.6,1681.1,98.1,offline
3163,0.1261,1430.0,0.2,1468.9,65.1,offline
3164,0.7995,1622.0,156.0,1678.6,225.6,offline
3164,0.2076,1310.4,711.7,1364.4,815.8,offline
3165,0.5376,1606.5,227.8,1649.1,273.8,offline
3165,0.1225,897.1,834.6,924.7,883.0,offline
3166,0.65,896.8,876.1,924.6,926.2,offline
3166,0.5352,1607.8,262.7,1650.9,320.6,offline
3167,0.4849,1606.0,263.2,1668.3,343.0,offline
3167,0.4532,893.8,885.3,920.4,944.8,offline
3167,0.3142,945.6,660.8,995.2,782.1,offline
3167,0.2049,1124.9,828.8,1215.9,926.3,offline
3168,0.5584,893.2,892.7,920.2,942.6,offline
3168,0.4925,1608.5,271.0,1653.3,338.0,offline
3169,0.5681,1600.9,269.4,1650.7,332.9,offline
3169,0.2429,895.5,887.4,923.3,948.7,offline
3170,0.7738,1599.9,261.8,1652.7,323.6,offline
3170,0.4407,895.4,890.1,924.9,941.0,offline
3170,0.1194,165.6,3.1,193.8,56.5,offline
3171,0.3799,1058.4,896.9,1082.1,929.5,offline
3171,0.2491,894.4,888.9,922.4,947.3,offline
3171,0.1817,1124.0,829.9,1205.1,913.0,offline
3171,0.168,160.2,12.4,188.0,58.3,offline
3172,0.6842,931.2,671.7,962.2,723.4,offline
3172,0.428,33.1,603.4,91.8,651.5,offline
3172,0.1878,891.5,887.9,921.2,953.5,offline
3173,0.7908,929.6,668.5,960.6,722.5,offline
3173,0.7583,1594.2,241.1,1643.3,317.6,offline
3173,0.4498,893.4,897.2,922.2,960.1,offline
3173,0.1627,633.3,910.7,676.9,999.7,offline
3174,0.7317,1589.4,286.4,1640.1,343.9,offline
3174,0.5678,896.9,937.7,926.2,997.6,offline
3175,0.655,891.7,988.5,920.9,1046.1,offline
3175,0.1135,146.4,107.1,174.8,157.3,offline
3176,0.7261,1575.6,388.0,1622.1,444.5,offline
3176,0.4501,77.5,26.9,110.5,81.4,offline
3176,0.444,890.4,1049.9,919.1,1079.9,offline
3176,0.3842,198.8,72.1,226.2,125.9,offline
3176,0.2747,256.1,0.5,287.6,51.7,offline
3177,0.5827,1141.1,984.2,1235.3,1079.5,offline
3177,0.5769,1585.9,400.6,1630.6,460.2,offline
3177,0.4643,1141.5,971.1,1400.0,1077.8,offline
3177,0.1633,259.2,5.9,290.4,82.0,offline
3178,0.5409,1585.9,382.3,1633.7,444.0,offline
3178,0.4937,74.2,40.5,110.0,99.8,offline
3178,0.4489,153.0,174.4,182.9,223.4,offline
3178,0.3434,894.9,1050.9,927.1,1079.5,offline
3178,0.2263,1132.5,974.2,1231.7,1073.8,offline
3178,0.215,200.1,88.8,227.2,143.0,offline
3178,0.1553,248.8,1.9,284.1,64.1,offline
3179,0.7705,935.0,784.5,964.1,844.7,offline
3179,0.7173,1575.5,355.3,1631.1,423.7,offline
3179,0.1265,246.6,0.0,277.5,39.6,offline
3180,0.6708,896.5,996.5,927.9,1051.8,offline
3180,0.669,1573.1,348.8,1618.4,388.1,offline
3180,0.6561,1578.0,323.2,1628.0,387.7,offline
3180,0.4978,1596.9,323.1,1631.1,355.6,offline
3181,0.7295,1573.4,299.3,1636.4,364.6,offline
3181,0.5093,896.1,965.7,925.3,1016.7,offline
3182,0.4431,1567.9,236.1,1611.9,275.5,offline
3182,0.3805,1567.4,211.6,1628.4,275.0,offline
3182,0.3089,1593.2,211.3,1628.2,242.7,offline
3183,0.7561,1571.6,135.5,1629.0,207.3,offline
3184,0.6693,1569.4,96.1,1627.3,164.5,offline
3184,0.166,474.3,1038.3,511.7,1077.0,offline
3185,0.5869,1575.6,98.9,1628.6,157.3,offline
3186,0.4829,1585.5,174.2,1622.8,232.6,offline
3186,0.4098,1048.6,834.9,1070.5,867.7,offline
3187,0.6635,1582.4,252.6,1628.9,311.4,offline
3187,0.519,113.0,14.6,142.7,67.2,offline
3188,0.8025,1578.7,302.9,1628.2,362.0,offline
3189,0.7268,1600.8,332.5,1646.0,391.2,offline
3189,0.5407,293.6,18.4,321.4,77.5,offline
3190,0.7839,1595.8,337.8,1642.3,395.9,offline
3190,0.1219,295.7,18.4,327.5,82.2,offline
3191,0.8038,1591.5,121.7,1653.4,205.1,offline
3191,0.3608,920.7,552.1,968.5,669.3,offline
3191,0.2294,1285.0,706.8,1342.7,813.7,offline
3192,0.1034,1257.3,269.3,1285.1,315.8,offline
3193,0.8273,1589.7,349.3,1650.0,405.0,offline
3193,0.4247,1127.3,942.8,1217.2,1042.1,offline
3193,0.3479,891.2,1010.9,920.2,1065.6,offline
3193,0.2294,292.9,7.4,321.8,66.3,offline
3193,0.2238,1317.8,931.8,1378.1,1045.8,offline
3193,0.1383,133.1,83.3,162.6,131.9,offline
3194,0.4353,1137.5,995.1,1225.2,1079.8,offline
3195,0.8493,1598.6,412.3,1660.5,472.6,offline
3195,0.5787,1136.5,1028.7,1223.1,1080.0,offline
3195,0.438,1601.4,440.3,1647.8,472.5,offline
3195,0.1732,1180.2,1029.2,1222.6,1079.6,offline
3195,0.1336,937.6,830.5,966.9,887.0,offline
3196,0.6697,1335.1,1015.5,1386.1,1080.0,offline
3196,0.6607,1141.2,1029.6,1228.2,1080.0,offline
3196,0.614,1595.2,413.4,1656.4,481.1,offline
3196,0.4315,1590.4,440.0,1642.9,480.5,offline
3196,0.3626,62.8,57.2,95.4,119.1,offline
3196,0.1728,1185.6,1030.1,1228.1,1079.3,offline
3196,0.1394,322.7,295.1,363.2,366.0,offline
3196,0.1029,246.3,1.2,283.9,66.5,offline
3197,0.6179,1593.0,429.6,1639.5,475.3,offline
3197,0.4359,1621.7,402.9,1658.6,440.6,offline
3197,0.4354,1596.4,405.1,1656.3,474.9,offline
3197,0.3552,1143.0,1031.1,1229.3,1080.0,offline
3197,0.2074,238.7,0.7,274.8,61.0,offline
3197,0.1268,59.6,54.3,93.2,116.8,offline
3197,0.1033,296.4,103.7,325.6,161.3,offline
3198,0.6483,291.6,94.6,320.7,154.1,offline
3198,0.6439,1142.5,1007.6,1234.2,1080.0,offline
3198,0.4648,1592.9,407.3,1646.2,454.1,offline
3198,0.4345,128.4,172.8,158.4,224.4,offline
3198,0.3357,237.3,1.0,272.6,64.9,offline
3198,0.2668,54.7,58.5,87.5,111.1,offline
3198,0.104,183.2,88.3,211.2,139.7,offline
3199,0.4852,1592.1,331.9,1654.2,396.9,offline
3199,0.4311,1592.2,351.3,1636.7,396.1,offline
3199,0.3536,276.5,26.5,307.3,95.7,offline
3199,0.2664,164.8,19.4,195.2,80.5,offline
3199,0.2571,122.9,120.1,155.5,176.6,offline
3199,0.1063,1190.8,944.5,1231.7,994.9,offline
3200,0.7258,948.0,683.4,978.2,737.3,offline
3200,0.4543,912.9,921.9,942.6,978.4,offline
3200,0.1677,1333.2,842.1,1390.9,942.1,offline
3201,0.6544,1601.7,205.0,1674.2,298.0,offline
3201,0.4512,915.6,912.2,945.6,975.8,offline
3201,0.3956,1602.4,243.2,1651.0,303.4,offline
3201,0.3247,1634.3,222.6,1674.0,258.6,offline
3202,0.3155,953.4,735.4,1007.6,852.4,offline
3202,0.1093,209.3,551.1,250.7,600.3,offline
3202,0.107,1279.7,335.7,1309.3,380.2,offline
3203,0.6674,944.2,796.0,975.3,851.8,offline
3203,0.4405,39.5,10.9,74.5,74.4,offline
3203,0.4223,129.8,136.8,159.4,191.9,offline
3203,0.3895,1146.1,970.4,1243.6,1075.4,offline
3203,0.3407,1632.6,333.0,1673.1,377.0,offline
3203,0.1427,171.5,48.4,201.4,96.5,offline
3204,0.6781,1133.8,1009.2,1225.3,1080.0,offline
3204,0.5999,1631.4,383.5,1660.9,417.9,offline
3204,0.3797,276.8,65.6,311.6,132.6,offline
3204,0.1704,1133.2,998.6,1383.4,1078.1,offline
3205,0.7269,1584.0,419.8,1626.4,486.2,offline
3205,0.4026,1124.7,1025.9,1210.2,1080.0,offline
3205,0.3167,1614.4,405.0,1652.5,441.3,offline
3206,0.6527,1593.3,410.2,1649.1,481.5,offline
3206,0.3706,1128.9,1031.9,1214.2,1080.0,offline
3206,0.1933,17.8,60.9,51.3,116.3,offline
3207,0.7342,1590.6,420.9,1631.4,485.6,offline
3207,0.5278,1120.2,1027.6,1205.8,1080.0,offline
3207,0.4766,1614.2,399.3,1643.0,431.9,offline
3207,0.4165,99.6,185.3,130.4,242.9,offline
3207,0.4078,142.9,79.3,173.8,138.9,offline
3207,0.2552,256.3,82.2,288.7,150.9,offline
3207,0.1555,1315.4,1013.2,1362.0,1079.7,offline
3207,0.1368,8.4,46.3,45.7,115.5,offline
3208,0.7599,1576.4,413.9,1626.8,478.5,offline
3208,0.5769,1120.1,1029.1,1205.3,1080.0,offline
3208,0.3252,1578.4,440.0,1616.9,479.0,offline
3208,0.1874,1312.2,1011.0,1360.8,1080.0,offline
3208,0.1086,0.3,51.4,32.3,115.9,offline
3209,0.7478,1575.5,406.9,1619.1,474.3,offline
3209,0.3979,1602.0,385.0,1628.2,416.0,offline
3209,0.3544,85.2,193.4,117.5,248.1,offline
3209,0.3067,1118.5,1018.9,1201.4,1080.0,offline
3209,0.1879,124.3,65.0,156.6,131.2,offline
3209,0.173,1118.1,1003.6,1359.6,1078.2,offline
3209,0.1637,239.3,65.7,273.0,149.6,offline
3209,0.1217,1309.4,1000.6,1355.5,1080.0,offline
3210,0.8111,1566.8,416.2,1610.8,475.7,offline
3210,0.6154,1596.3,392.1,1624.7,425.8,offline
3210,0.5514,1120.2,1024.7,1205.3,1080.0,offline
3210,0.4251,75.2,186.1,109.1,246.7,offline
3210,0.1941,240.9,78.4,271.9,144.3,offline
3210,0.1605,1119.5,1010.0,1364.7,1079.5,offline
3211,0.7609,1573.6,425.0,1615.1,497.0,offline
3211,0.4209,1126.5,1033.5,1211.3,1080.0,offline
3211,0.3025,1600.7,388.0,1625.5,432.0,offline
3211,0.2019,1314.7,1016.1,1367.2,1080.0,offline
3211,0.159,1243.4,451.1,1272.5,516.4,offline
3212,0.8188,1555.9,438.2,1601.9,507.6,offline
3212,0.3422,169.0,1.5,207.3,66.3,offline
3212,0.2968,112.8,98.8,143.3,157.1,offline
3212,0.2325,1102.5,1039.7,1186.7,1080.0,offline
3212,0.1919,228.4,96.7,261.4,166.7,offline
3212,0.1845,1291.2,1024.6,1341.1,1080.0,offline
3213,0.68,1560.4,394.4,1597.2,448.4,offline
3213,0.4465,1101.2,982.9,1192.0,1079.8,offline
3213,0.3971,1575.5,362.1,1608.0,401.5,offline
3213,0.3477,1328.7,408.7,1371.2,484.4,offline
3213,0.3036,1232.9,409.6,1258.7,449.2,offline
3213,0.2465,215.2,38.5,249.7,118.8,offline
3213,0.2187,57.5,160.6,90.7,224.0,offline
3213,0.1617,1288.6,969.5,1331.1,1015.3,offline
3214,0.7811,1564.3,351.4,1615.5,417.8,offline
3214,0.5031,1599.7,310.7,1634.8,354.8,offline
3214,0.245,224.2,2.9,262.2,72.7,offline
3214,0.1922,1113.1,941.5,1193.1,1030.8,offline
3215,0.7702,1593.0,321.5,1636.4,378.8,offline
3215,0.3346,1597.2,280.1,1647.4,382.7,offline
3215,0.1124,920.3,737.3,976.8,854.3,offline
3216,0.5624,1628.6,389.4,1666.5,439.7,offline
3216,0.2456,272.8,48.4,301.0,108.0,offline
3216,0.1504,1150.6,1004.1,1237.7,1080.0,offline
3217,0.792,1621.2,420.8,1659.7,477.1,offline
3217,0.5092,122.5,190.9,154.8,254.2,offline
3217,0.4161,280.5,77.9,313.4,144.2,offline
3217,0.366,1152.9,1030.9,1238.6,1080.0,offline
3217,0.3637,1645.4,394.5,1677.9,423.2,offline
3217,0.3487,1195.5,1031.6,1238.4,1079.3,offline
3217,0.3185,167.2,82.2,197.2,135.6,offline
3217,0.2136,1153.1,1043.0,1195.3,1079.6,offline
3217,0.1705,1343.6,1021.0,1394.7,1080.0,offline
3218,0.7856,1615.6,455.8,1664.3,530.7,offline
3218,0.114,40.9,101.5,78.9,162.2,offline
3218,0.1069,424.6,939.6,464.4,1005.2,offline
3219,0.6601,33.8,120.2,72.3,181.1,offline
3219,0.4819,949.1,911.0,980.4,951.7,offline
3219,0.4311,1637.4,447.2,1670.1,484.9,offline
3219,0.3794,226.2,25.4,262.3,99.6,offline
3219,0.324,92.2,19.7,127.6,74.4,offline
3219,0.2815,170.8,140.9,201.1,196.7,offline
3219,0.2269,283.7,128.8,315.1,205.6,offline
3219,0.2021,1149.5,534.8,1175.8,594.0,offline
3219,0.1455,127.6,249.6,158.9,310.3,offline
3220,0.8465,1603.1,481.6,1662.8,557.0,offline
3220,0.6157,20.6,127.5,59.8,188.1,offline
3220,0.5758,1636.5,455.8,1667.2,499.8,offline
3220,0.1148,114.9,257.1,147.0,315.1,offline
3220,0.1032,272.6,138.2,308.6,208.3,offline
3221,0.7889,1599.9,479.2,1665.1,547.5,offline
3221,0.4725,1629.9,442.2,1669.2,485.1,offline
3221,0.2675,68.7,18.4,107.4,77.0,offline
3221,0.1686,9.4,128.2,47.2,183.7,offline
3221,0.1388,206.9,26.2,245.2,103.6,offline
3222,0.8341,1593.3,408.9,1656.6,472.8,offline
3222,0.6579,1618.6,375.3,1657.1,419.6,offline
3222,0.5232,1136.0,1011.7,1221.5,1080.0,offline
3222,0.2708,1247.3,417.7,1284.2,484.8,offline
3222,0.1257,243.7,62.4,275.7,125.9,offline
3222,0.1087,1608.8,369.9,1659.6,462.9,offline
3223,0.7871,1605.3,379.8,1659.0,442.0,offline
3223,0.4801,1629.3,349.4,1658.8,383.7,offline
3223,0.3847,120.8,37.1,151.7,88.5,offline
3223,0.2894,74.6,143.5,109.1,199.1,offline
3223,0.206,1137.9,975.2,1228.9,1079.1,offline
3224,0.8307,1611.3,395.7,1666.4,465.8,offline
3224,0.5787,1629.3,362.7,1667.9,403.7,offline
3224,0.5419,1131.9,1009.9,1225.2,1080.0,offline
3224,0.318,1128.3,994.4,1366.4,1079.2,offline
3224,0.3061,1320.6,994.8,1365.9,1042.1,offline
3224,0.159,121.8,60.8,152.7,114.7,offline
3225,0.8083,1611.9,452.6,1668.2,515.9,offline
3225,0.4017,1632.6,423.6,1668.3,465.0,offline
3225,0.3957,1487.6,1021.0,1533.7,1079.4,offline
3225,0.3814,192.8,2.4,225.7,62.4,offline
3225,0.3155,1331.6,1050.0,1372.8,1080.0,offline
3225,0.2307,89.4,220.2,122.3,275.2,offline
3226,0.8373,1609.8,499.6,1662.6,570.3,offline
3226,0.6512,258.1,158.5,291.7,222.7,offline
3226,0.562,1630.1,470.3,1666.3,511.3,offline
3226,0.4999,144.1,171.0,174.7,224.4,offline
3226,0.4315,6.1,156.2,42.5,215.5,offline
3226,0.3737,62.4,53.8,97.1,109.7,offline
3226,0.3665,199.2,51.3,238.7,129.6,offline
3227,0.8171,1609.0,519.1,1669.7,587.0,offline
3227,0.5383,261.0,177.4,293.3,243.0,offline
3227,0.467,1635.0,485.8,1672.4,533.0,offline
3227,0.3723,1378.1,528.8,1405.1,563.6,offline
3227,0.2568,59.0,59.0,96.1,124.8,offline
3227,0.1114,197.4,59.0,237.8,143.7,offline
3228,0.5655,48.7,45.7,85.0,109.8,offline
3228,0.5327,86.1,281.0,119.0,339.6,offline
3228,0.4676,1604.8,471.6,1660.6,508.1,offline
3228,0.4077,187.1,43.0,224.9,125.4,offline
3228,0.2864,0.0,157.4,32.8,221.3,offline
3228,0.2294,134.9,171.5,166.7,227.6,offline
3229,0.8409,1597.1,493.8,1653.7,551.4,offline
3229,0.7236,1604.9,451.5,1655.3,501.8,offline
3229,0.3207,1606.6,490.4,1647.4,534.8,offline
3229,0.2668,35.7,22.2,70.9,80.4,offline
3230,0.8273,1595.9,515.6,1647.5,578.7,offline
3230,0.7258,1618.9,481.3,1650.1,531.9,offline
3230,0.3523,121.3,174.5,152.4,229.7,offline
3230,0.2158,176.1,47.1,216.8,125.4,offline
3230,0.2096,35.8,47.9,71.5,108.4,offline
3230,0.2063,75.4,286.2,107.0,342.0,offline
3231,0.7919,1583.5,539.0,1641.5,602.2,offline
3231,0.2267,61.6,293.9,95.3,358.9,offline
3231,0.141,33.1,71.9,68.2,136.4,offline
3231,0.104,231.8,179.0,263.6,240.3,offline
3232,0.7007,1574.0,551.9,1630.8,606.8,offline
3232,0.5083,1605.9,524.0,1637.7,555.9,offline
3232,0.3074,228.5,187.6,259.8,244.5,offline
3232,0.2683,25.7,78.0,61.2,136.9,offline
3232,0.2062,223.7,2.4,247.8,58.3,offline
3232,0.1453,51.8,302.1,86.6,357.9,offline
3233,0.6419,143.1,20.2,184.9,100.8,offline
3233,0.5533,1591.2,474.2,1622.7,513.9,offline
3233,0.2037,38.0,262.4,72.1,320.9,offline
3234,0.6619,1596.2,476.1,1649.5,542.0,offline
3234,0.4492,1828.4,440.4,1918.8,530.4,offline
3234,0.4409,1595.7,442.3,1648.5,494.5,offline
3234,0.4038,1624.7,440.6,1714.9,546.4,offline
3234,0.1324,136.9,2.1,177.9,68.9,offline
3235,0.6674,1599.6,442.8,1647.8,481.1,offline
3235,0.3895,149.3,1.6,191.0,77.8,offline
3235,0.3486,916.5,906.4,969.5,1027.2,offline
3235,0.2852,221.4,107.4,253.9,176.4,offline
3235,0.1865,4.7,1.7,40.4,65.9,offline
3236,0.8336,1604.7,531.0,1662.1,595.2,offline
3236,0.5957,1626.8,498.4,1667.4,534.6,offline
3236,0.4484,182.5,65.8,220.8,140.3,offline
3236,0.1686,39.9,72.5,74.1,130.3,offline
3237,0.8364,1608.7,564.9,1664.0,627.6,offline
3237,0.6236,1608.3,535.0,1660.7,576.1,offline
3237,0.4846,193.6,97.9,231.7,169.0,offline
3237,0.4666,118.5,0.0,170.9,63.9,offline
3238,0.6916,1629.5,596.6,1681.8,665.0,offline
3238,0.5225,205.3,127.9,246.1,207.5,offline
3238,0.4578,1637.4,566.5,1680.8,639.7,offline
3238,0.3653,65.9,137.1,100.8,195.3,offline
3238,0.2022,6.8,251.4,48.0,313.3,offline
3238,0.1576,135.4,1.7,183.8,89.6,offline
3239,0.8004,1623.8,602.2,1675.3,677.7,offline
3239,0.4579,1645.9,577.2,1673.4,610.9,offline
3239,0.3393,1623.0,577.7,1677.0,639.5,offline
3239,0.2687,209.4,136.1,249.1,214.7,offline
3239,0.1552,15.2,256.2,50.2,322.5,offline
3239,0.1287,99.6,378.5,131.3,437.7,offline
3239,0.128,254.6,30.4,288.2,118.9,offline
3240,0.6795,1632.3,604.3,1692.9,673.7,offline
3240,0.4006,1647.8,578.7,1696.1,639.8,offline
3240,0.1699,135.0,19.3,184.3,96.1,offline
3241,0.4317,1657.1,572.9,1688.1,611.7,offline
3241,0.1625,471.7,975.1,490.8,1011.2,offline
3241,0.1485,264.1,241.5,297.8,306.2,offline
3241,0.1144,249.9,32.0,286.7,111.6,offline
3241,0.1036,149.9,266.6,180.3,322.5,offline
3241,0.1002,10.9,262.3,46.5,323.1,offline
3242,0.7765,1627.3,595.1,1677.0,654.2,offline
3242,0.6242,1636.0,566.2,1686.0,639.1,offline
3242,0.3784,102.2,376.2,134.2,434.5,offline
3242,0.3715,1652.9,567.2,1685.2,595.7,offline
3242,0.3214,268.3,239.4,298.7,303.0,offline
3242,0.3125,137.0,8.3,186.6,96.6,offline
3242,0.3068,249.3,20.5,286.7,108.3,offline
3242,0.1095,207.1,129.1,249.1,207.6,offline
3243,0.6811,1618.6,602.1,1660.5,676.3,offline
3243,0.3974,1625.4,607.6,1661.0,640.0,offline
3243,0.3306,213.4,32.7,252.1,121.4,offline
3243,0.314,1627.9,582.7,1661.2,620.5,offline
3243,0.3002,176.1,145.6,218.3,229.5,offline
3243,0.1885,99.1,26.4,144.4,114.8,offline
3244,0.8017,1606.7,617.1,1655.1,677.6,offline
3244,0.3536,1623.9,595.2,1655.6,624.7,offline
3244,0.3294,1621.7,616.9,1654.8,639.5,offline
3244,0.2214,168.9,158.9,210.4,240.0,offline
3245,0.8367,1604.0,626.9,1648.9,689.4,offline
3245,0.6091,1618.3,601.0,1651.4,636.1,offline
3245,0.3525,225.9,270.3,261.9,339.0,offline
3245,0.3497,165.4,168.4,206.9,248.2,offline
3245,0.3259,105.3,302.9,137.9,359.5,offline
3245,0.2461,87.0,45.7,137.7,135.4,offline
3245,0.1817,204.3,48.4,245.5,143.4,offline
3246,0.2741,194.7,40.8,236.0,128.5,offline
3246,0.1005,149.1,158.0,189.8,236.6,offline
3247,0.7534,1530.7,553.5,1575.6,610.4,offline
3247,0.6009,1541.6,520.9,1574.7,562.0,offline
3247,0.2154,75.0,57.5,120.6,134.6,offline
3247,0.1083,144.1,164.8,183.5,238.1,offline
3248,0.7655,1502.7,539.6,1550.2,595.4,offline
3248,0.4951,1523.3,511.0,1555.0,543.5,offline
3248,0.26,110.9,141.1,152.4,212.7,offline
3248,0.2487,40.0,26.9,87.4,116.3,offline
3249,0.7533,1521.8,539.8,1576.2,606.9,offline
3249,0.4419,1547.3,516.2,1583.8,554.8,offline
3249,0.3261,134.7,174.1,170.1,245.2,offline
3249,0.1528,58.2,45.1,104.2,145.7,offline
3250,0.7153,1568.1,595.9,1614.1,658.1,offline
3250,0.4394,93.4,136.8,134.8,215.4,offline
3250,0.4157,1582.6,568.3,1611.8,608.5,offline
3251,0.4774,179.9,287.0,218.6,356.7,offline
3251,0.3509,1589.1,594.9,1616.3,629.3,offline
3251,0.3141,115.7,186.6,157.4,262.2,offline
3251,0.3061,152.4,64.7,192.3,157.2,offline
3251,0.1026,60.2,325.5,91.4,386.7,offline
3251,0.1008,33.1,62.7,84.9,153.1,offline
3252,0.6006,1603.4,620.7,1634.7,648.6,offline
3252,0.381,168.9,111.0,210.5,191.3,offline
3252,0.2323,52.8,79.6,103.5,191.4,offline
3252,0.1587,198.4,324.9,235.8,397.4,offline
3252,0.1507,105.1,2.2,153.4,89.6,offline
3252,0.1489,131.0,222.8,173.3,299.5,offline
3253,0.4764,137.6,236.6,179.7,310.4,offline
3253,0.3938,1616.7,618.7,1647.2,653.1,offline
3253,0.2788,180.8,128.2,219.5,210.0,offline
3253,0.1072,0.0,0.0,27.6,94.2,offline
3254,0.4009,180.4,107.3,219.6,189.4,offline
3254,0.2478,116.8,8.0,160.0,92.1,offline
3254,0.2114,142.2,223.8,186.3,315.9,offline
3254,0.1527,215.6,28.6,251.4,101.0,offline
3255,0.7432,1629.2,588.0,1675.4,639.7,offline
3255,0.4118,144.1,169.1,188.3,259.7,offline
3255,0.3461,1360.6,594.4,1416.8,639.9,offline
3255,0.3164,182.0,55.7,221.7,144.2,offline
3256,0.3382,1635.6,528.4,1663.0,553.4,offline
3256,0.2014,147.5,131.3,190.5,212.8,offline
3257,0.1274,85.1,20.7,138.1,119.3,offline
3258,0.8339,1660.0,632.7,1714.3,695.3,offline
3258,0.1361,172.5,0.0,209.4,70.5,offline
3258,0.1202,43.1,0.1,82.3,60.4,offline
3258,0.1019,261.1,299.3,298.8,366.9,offline
3259,0.3989,185.3,19.1,225.7,103.1,offline
3259,0.385,12.8,410.4,51.4,473.9,offline
3259,0.2172,154.9,390.4,186.8,444.5,offline
3259,0.2045,132.0,89.2,183.8,208.2,offline
3259,0.1952,275.6,347.8,309.1,411.0,offline
3259,0.1898,49.7,3.0,101.0,92.0,offline
3259,0.1335,246.8,119.7,283.4,206.6,offline
3260,0.4156,251.8,144.0,288.7,232.1,offline
3260,0.3315,276.3,367.1,311.2,429.5,offline
3260,0.3003,212.9,264.6,254.9,344.6,offline
3260,0.2432,287.0,57.7,321.1,136.9,offline
3260,0.2316,135.9,150.4,186.5,239.6,offline
3260,0.1976,54.7,20.3,110.6,117.3,offline
3260,0.1808,16.9,429.2,56.1,488.8,offline
3260,0.1721,111.1,528.4,144.5,594.4,offline
3260,0.1491,187.6,37.5,231.6,131.6,offline
3261,0.7212,1681.6,720.3,1727.4,774.8,offline
3261,0.2648,51.8,29.7,109.6,120.2,offline
3261,0.145,275.7,366.9,312.4,432.1,offline
3261,0.1351,248.2,141.7,286.9,225.3,offline
3261,0.1202,13.2,431.7,49.0,492.0,offline
3262,0.816,1668.1,726.5,1719.5,785.0,offline
3262,0.1846,41.1,6.8,99.9,103.2,offline
3262,0.1447,206.2,261.6,249.1,339.6,offline
3263,0.3796,209.2,248.2,251.0,328.1,offline
3263,0.25,254.9,141.8,292.8,221.9,offline
3263,0.1713,289.8,53.6,324.3,131.8,offline
3263,0.1241,68.7,282.5,105.0,348.6,offline
3263,0.1173,58.3,9.0,114.0,116.7,offline
3264,0.2725,65.5,11.2,124.4,110.9,offline
3265,0.1443,289.1,342.2,324.8,418.7,offline
3266,0.6927,1694.3,739.2,1747.2,794.8,offline
3266,0.4256,288.5,328.7,324.2,404.2,offline
3266,0.3911,276.3,124.5,314.7,202.5,offline
3266,0.3088,36.5,406.8,75.9,474.4,offline
3266,0.2658,227.8,231.5,268.4,305.5,offline
3266,0.2574,76.8,1.4,135.5,99.0,offline
3266,0.2274,310.9,28.2,347.4,115.2,offline
3267,0.3483,81.8,1.3,142.0,97.0,offline
3267,0.3208,37.1,409.1,77.1,473.8,offline
3267,0.2044,280.1,124.4,316.3,206.5,offline
3267,0.204,99.5,280.7,134.5,343.2,offline
3267,0.1366,166.2,85.9,219.4,210.8,offline
3268,0.3329,1720.8,767.9,1837.7,872.9,offline
3268,0.2784,98.8,48.7,155.5,149.3,offline
3268,0.2038,250.5,305.2,287.6,376.6,offline
3268,0.1055,324.0,82.7,361.3,165.7,offline
3269,0.8311,1719.4,863.4,1771.4,912.2,offline
3269,0.3729,310.8,442.3,346.9,516.7,offline
3269,0.3424,380.4,616.5,430.3,640.0,offline
3269,0.1558,195.4,491.1,224.3,554.6,offline
3270,0.7733,1711.4,869.1,1764.9,930.5,offline
3270,0.2082,247.7,143.2,288.8,241.9,offline
3270,0.1991,115.8,128.8,165.7,229.6,offline
3271,0.7768,1710.8,875.1,1767.4,927.2,offline
3271,0.6009,1746.1,850.2,1847.9,940.1,offline
3271,0.3122,1326.8,859.8,1371.2,910.8,offline
3271,0.2616,115.0,137.4,170.7,241.2,offline
3272,0.7361,1716.9,846.4,1772.7,910.2,offline
3272,0.3171,1327.3,834.4,1379.6,894.4,offline
3272,0.2314,106.2,124.4,161.3,226.4,offline
3273,0.2588,38.9,475.8,78.4,538.3,offline
3273,0.1797,162.7,151.5,219.0,275.9,offline
3273,0.1695,82.6,63.2,136.3,153.2,offline
3273,0.1237,277.7,180.2,313.7,269.2,offline
3274,0.8154,1660.0,646.8,1720.3,702.6,offline
3274,0.2206,131.8,24.0,185.5,151.3,offline
3274,0.1518,278.4,272.2,314.3,342.1,offline
3274,0.1441,250.0,49.2,287.0,142.5,offline
3275,0.3146,107.7,1.4,161.5,87.1,offline
3275,0.1597,4.8,299.5,46.2,367.0,offline
3275,0.1019,228.9,2.8,267.8,72.0,offline
3276,0.1877,242.2,49.7,281.0,136.9,offline
3276,0.1289,123.9,66.2,175.3,147.8,offline
3277,0.652,215.6,272.1,256.3,351.8,offline
3277,0.3874,275.4,370.2,314.3,433.2,offline
3277,0.1812,254.8,151.2,289.1,240.9,offline
3277,0.1504,134.9,168.7,185.4,252.2,offline
3277,0.1301,48.5,24.3,108.2,126.0,offline
3278,0.7524,1682.9,767.8,1733.2,822.8,offline
3278,0.1935,214.4,295.8,257.7,392.4,offline
3278,0.1691,16.6,489.2,57.4,547.3,offline
3278,0.109,135.2,153.2,194.7,281.5,offline
3279,0.4503,286.7,105.1,323.5,189.4,offline
3279,0.4359,56.2,85.1,111.8,186.3,offline
3279,0.2291,191.1,91.8,237.5,192.4,offline
3279,0.2218,238.4,8.6,273.3,86.4,offline
3279,0.1683,213.8,332.0,254.9,404.5,offline
3280,0.498,209.8,336.6,250.5,409.7,offline
3280,0.435,56.2,103.9,111.8,206.0,offline
3280,0.3645,272.1,430.5,312.1,498.0,offline
3280,0.35,254.6,214.6,291.5,296.0,offline
3280,0.1821,191.4,110.6,234.9,207.6,offline
3280,0.1547,287.3,121.9,320.9,204.8,offline
3280,0.1361,136.9,231.4,188.7,311.5,offline
3280,0.1355,232.9,12.5,272.1,100.5,offline
3281,0.6637,1680.7,801.3,1726.8,851.7,offline
3281,0.4046,57.3,103.7,116.5,206.5,offline
3281,0.3059,287.8,123.7,323.3,205.8,offline
3281,0.2224,256.7,215.4,294.4,309.6,offline
3281,0.1345,220.1,349.9,256.6,420.2,offline
3282,0.1284,54.3,95.1,112.9,195.4,offline
3283,0.2653,282.7,433.0,316.1,495.9,offline
3283,0.1018,262.1,203.6,297.6,296.4,offline
3285,0.6032,1691.0,622.2,1740.2,674.7,offline
3286,0.5126,78.3,172.2,115.7,240.4,offline
3286,0.2685,132.0,20.8,186.1,103.7,offline
3286,0.2514,248.8,4.9,286.8,87.0,offline
3286,0.2003,1688.8,607.6,1736.6,661.8,offline
3286,0.1885,284.6,218.2,314.6,295.8,offline
3286,0.1628,215.4,127.2,254.1,196.7,offline
3287,0.4472,1706.6,706.2,1756.6,773.8,offline
3287,0.3431,58.5,425.2,95.1,509.5,offline
3287,0.1136,242.3,252.0,280.7,325.0,offline
3287,0.1083,71.2,3.7,133.2,98.7,offline
3288,0.5647,1706.5,764.1,1771.6,838.4,offline
3288,0.1508,287.6,175.8,323.4,260.7,offline
3288,0.1162,304.5,381.3,340.9,454.4,offline
3289,0.4184,203.5,267.4,241.8,335.5,offline
3289,0.1815,257.6,8.9,296.4,89.1,offline
3291,0.2067,3.4,586.0,45.5,645.8,offline
3291,0.2018,41.5,153.0,101.8,249.6,offline
3292,0.5822,1711.2,839.2,1763.5,912.4,offline
3292,0.4988,1717.4,823.3,1824.0,919.9,offline
3292,0.4835,43.1,173.6,102.6,277.5,offline
3292,0.1591,264.4,482.1,299.7,552.5,offline
3292,0.1573,280.4,172.5,314.7,255.1,offline
3292,0.1406,246.4,270.6,284.1,351.7,offline
3292,0.1105,12.6,611.6,53.7,677.4,offline
3292,0.1086,206.0,399.2,246.5,467.5,offline
3292,0.104,98.8,34.4,159.3,144.8,offline
3293,0.4778,1704.4,858.5,1755.3,913.8,offline
3293,0.4595,1701.8,848.2,1826.0,924.9,offline
3293,0.3275,251.7,270.3,288.3,354.7,offline
3293,0.164,213.2,404.7,254.0,484.0,offline
3293,0.1071,135.3,295.2,186.6,384.9,offline
3293,0.1063,58.2,185.0,111.1,275.1,offline
3293,0.1061,291.3,182.8,325.2,255.5,offline
3293,0.1055,6.0,614.7,47.7,672.7,offline
3294,0.4206,64.6,235.7,121.9,329.6,offline
3294,0.3864,1740.0,918.7,1860.2,1007.8,offline
3294,0.3613,1740.4,927.4,1793.3,1003.9,offline
3294,0.3324,284.1,554.8,318.1,625.5,offline
3294,0.2274,156.0,313.9,197.1,405.2,offline
3294,0.2039,201.1,227.9,246.5,319.8,offline
3294,0.1981,17.8,679.2,59.3,743.1,offline
3294,0.1904,263.3,327.4,302.9,419.4,offline
3294,0.1614,254.1,135.7,287.6,211.6,offline
3294,0.1279,298.3,231.5,337.1,313.1,offline
3295,0.3777,1752.6,995.1,1868.1,1079.1,offline
3295,0.2495,270.4,392.5,309.7,492.2,offline
3295,0.2318,76.6,301.3,126.8,397.1,offline
3295,0.2225,308.6,303.0,343.4,376.1,offline
3295,0.1981,229.8,539.4,270.4,611.3,offline
3295,0.1784,284.8,623.7,319.1,679.7,offline
3295,0.1503,212.9,295.6,254.1,386.0,offline
3295,0.1368,189.9,81.4,239.8,175.3,offline
3295,0.1222,134.6,0.0,186.2,54.6,offline
3296,0.2557,273.3,488.2,311.2,564.6,offline
3296,0.106,318.1,390.9,352.4,468.9,offline
3297,0.1741,264.9,322.8,303.4,396.2,offline
3298,0.3479,271.3,728.3,305.7,808.6,offline
3300,0.3232,258.1,488.6,296.0,579.8,offline
3300,0.2884,66.5,400.0,112.9,497.5,offline
3300,0.1582,300.5,396.8,337.7,471.4,offline
3301,0.2959,217.4,508.7,256.9,593.3,offline
3301,0.2742,181.9,72.6,223.2,152.9,offline
3301,0.2161,285.4,98.1,317.8,164.5,offline
3301,0.1562,112.4,0.0,162.1,48.1,offline
3302,0.4731,1737.6,923.0,1837.9,1007.3,offline
3302,0.3897,277.9,560.9,311.6,629.7,offline
3302,0.1935,220.0,464.7,255.6,547.5,offline
3302,0.1422,202.8,240.1,247.4,341.1,offline
3302,0.1408,244.5,140.8,285.4,227.8,offline
3302,0.1379,141.6,334.0,199.1,453.9,offline
3302,0.1123,261.1,345.0,299.1,432.7,offline
3303,0.5642,282.0,611.3,314.9,688.6,offline
3303,0.5086,77.5,592.7,113.8,659.4,offline
3303,0.4207,187.7,89.1,232.8,179.0,offline
3303,0.3041,219.9,525.2,255.7,599.6,offline
3303,0.2407,68.0,304.9,121.4,401.5,offline
3303,0.216,115.5,0.0,164.5,62.9,offline
3303,0.1928,1766.0,979.4,1823.7,1056.9,offline
3303,0.1752,145.6,430.3,195.4,507.4,offline
3303,0.1421,263.5,389.6,304.7,481.4,offline
3303,0.1392,138.5,185.8,180.9,266.0,offline
3303,0.1284,18.2,741.2,60.4,808.5,offline
3303,0.1069,290.9,110.5,324.1,189.1,offline
3304,0.3038,182.2,136.5,223.8,221.9,offline
3304,0.14,214.9,575.1,255.3,657.2,offline
3305,0.3239,611.0,445.1,632.2,474.1,offline
3306,0.4596,1677.5,884.1,1771.1,959.2,offline
3306,0.1925,224.7,557.2,261.2,616.5,offline
3306,0.1421,199.2,333.5,239.3,419.8,offline
3307,0.1906,147.9,430.5,189.2,503.2,offline
3307,0.1618,169.8,93.6,207.2,167.3,offline
3307,0.1189,122.9,185.2,168.9,272.6,offline
3308,0.3484,1651.2,822.7,1731.5,906.2,offline
3308,0.2309,141.3,393.3,182.8,472.6,offline
3308,0.1164,119.4,166.0,166.7,244.6,offline
3308,0.107,182.1,268.7,221.3,353.3,offline
3308,0.1027,209.8,487.6,241.8,543.6,offline
3309,0.42,1651.3,844.7,1737.8,917.4,offline
3309,0.1165,205.6,495.0,241.1,551.3,offline
3310,0.3837,194.6,184.1,232.5,273.1,offline
3310,0.1238,214.2,388.9,251.0,472.3,offline
3311,0.2009,24.2,356.9,76.8,444.6,offline
3313,0.4015,228.8,520.9,267.9,602.1,offline
3313,0.2777,232.0,746.3,266.0,805.0,offline
3316,0.3219,1696.0,1019.5,1770.5,1079.5,offline
3316,0.1016,54.8,375.8,105.7,455.9,offline
3317,0.4541,1677.7,928.6,1765.1,1019.6,offline
3317,0.1754,149.5,99.2,195.9,180.3,offline
3317,0.1659,212.4,196.9,249.5,276.7,offline
3317,0.1203,66.7,809.9,103.6,866.6,offline
3318,0.6873,1656.6,826.0,1752.1,907.1,offline
3318,0.3921,1851.4,806.0,1920.0,872.5,offline
3319,0.3803,186.4,397.0,223.0,459.4,offline
3319,0.2895,193.3,63.2,230.3,135.0,offline
3319,0.1014,78.5,50.1,128.2,130.9,offline
3320,0.61,1670.8,728.1,1771.7,806.9,offline
3320,0.4454,39.2,143.9,94.2,243.0,offline
3320,0.3332,28.4,551.5,65.2,620.4,offline
3320,0.1995,199.8,362.1,240.2,429.8,offline
3320,0.1682,228.5,230.4,265.3,311.7,offline
3321,0.6784,1677.0,717.4,1772.9,796.1,offline
3321,0.5843,355.9,609.1,409.2,640.0,offline
3321,0.335,172.4,120.2,215.5,213.8,offline
3321,0.3229,203.2,33.0,241.1,113.2,offline
3321,0.2265,237.7,218.3,275.9,312.2,offline
3321,0.1477,134.5,206.7,181.9,337.2,offline
3321,0.1148,330.6,602.9,347.6,649.0,offline
3321,0.1113,46.3,126.2,95.9,214.7,offline
3321,0.1022,41.3,550.6,78.3,617.6,offline
3322,0.6241,1670.8,712.2,1773.3,792.5,offline
3322,0.3362,1860.2,708.8,1920.0,764.1,offline
3322,0.2829,55.7,138.8,110.9,244.1,offline
3323,0.5004,244.3,230.4,279.9,305.4,offline
3323,0.4762,1664.6,710.3,1750.9,792.1,offline
3323,0.3728,1703.0,733.1,1751.6,790.2,offline
3323,0.3665,321.8,226.5,350.5,287.6,offline
3323,0.328,214.1,345.2,254.1,417.3,offline
3323,0.2744,62.6,139.7,111.9,230.7,offline
3323,0.237,93.9,405.0,127.2,469.6,offline
3323,0.2194,140.8,217.6,187.4,328.4,offline
3323,0.1763,277.8,431.3,309.3,505.0,offline
3324,0.7805,1723.4,731.7,1777.5,794.3,offline
3324,0.1895,146.4,210.6,191.8,335.1,offline
3324,0.183,59.6,128.9,113.4,220.3,offline
3324,0.1383,185.2,119.3,224.5,216.6,offline
3324,0.1375,213.4,32.6,251.0,107.4,offline
3325,0.7879,1738.9,748.0,1786.9,808.5,offline
3325,0.4545,1679.3,719.4,1756.6,807.1,offline
3325,0.3422,1855.1,703.7,1920.0,780.0,offline
3325,0.3219,381.5,607.3,424.0,640.0,offline
3325,0.1919,63.6,552.7,99.1,614.3,offline
3326,0.5558,291.0,457.0,321.9,512.0,offline
3326,0.3743,257.0,228.5,295.5,315.8,offline
3326,0.2021,236.9,362.5,274.1,448.4,offline
3327,0.7256,1735.5,740.5,1785.1,810.9,offline
3327,0.2266,290.6,445.6,321.4,505.9,offline
3327,0.1045,260.9,233.0,295.4,316.0,offline
3328,0.2586,220.4,342.6,256.7,419.3,offline
3328,0.2488,263.5,231.8,297.0,306.4,offline
3328,0.1591,74.0,147.3,129.3,235.1,offline
3328,0.1568,281.1,146.9,314.1,214.8,offline
3328,0.1171,104.5,404.8,135.7,463.2,offline
3329,0.2587,61.5,88.3,105.4,164.9,offline
3329,0.2409,207.8,287.1,246.7,366.5,offline
3329,0.2006,209.9,0.9,249.8,68.7,offline
3329,0.1393,276.7,383.7,307.9,459.3,offline
3329,0.1245,96.3,351.4,127.8,416.1,offline
3329,0.1119,139.6,153.3,182.9,263.3,offline
3330,0.1939,230.6,132.0,267.4,212.5,offline
3330,0.152,204.2,245.6,244.6,323.8,offline
3330,0.1228,132.1,112.1,177.5,228.6,offline
3331,0.3591,1225.9,588.5,1245.4,644.4,offline
3331,0.3288,1709.5,596.2,1728.7,622.5,offline
3331,0.306,1247.4,597.8,1274.5,645.7,offline
3331,0.2079,36.2,0.0,88.1,79.1,offline
3332,0.5391,83.9,247.2,116.9,305.2,offline
3332,0.4392,222.1,61.0,256.3,151.4,offline
3332,0.3846,1241.1,590.8,1284.4,644.3,offline
3332,0.3665,120.8,93.7,167.1,170.8,offline
3332,0.1626,40.8,376.1,77.0,440.6,offline
3333,0.5279,168.9,1.1,208.2,76.8,offline
3333,0.4814,233.1,82.8,270.6,172.3,offline
3333,0.4788,207.5,208.2,246.1,280.6,offline
3333,0.4459,1244.4,618.2,1288.0,669.6,offline
3333,0.3998,971.8,1047.5,1000.2,1079.9,offline
3333,0.3897,46.6,0.0,95.9,80.2,offline
3333,0.3705,1718.2,619.9,1738.7,639.9,offline
3333,0.3356,134.7,89.7,182.3,191.5,offline
3333,0.2281,92.9,258.5,126.2,319.7,offline
3333,0.1656,265.0,298.9,298.2,359.9,offline
3333,0.1486,141.0,489.4,168.8,537.6,offline
3334,0.3525,237.2,104.8,274.7,188.0,offline
3334,0.3441,1128.5,789.4,1147.9,822.4,offline
3334,0.295,275.9,318.8,305.8,381.8,offline
3334,0.1969,136.1,123.3,184.4,204.7,offline
3334,0.1055,56.8,6.2,109.5,93.1,offline
3335,0.772,1711.8,664.1,1761.6,720.5,offline
3335,0.3521,1818.9,606.2,1920.0,693.9,offline
3335,0.3485,1633.0,630.9,1720.1,720.1,offline
3335,0.1557,262.3,136.6,295.7,220.6,offline
3336,0.7042,1718.1,679.2,1773.1,732.6,offline
3336,0.3168,1745.9,679.6,1770.5,708.2,offline
3336,0.3149,180.4,537.7,207.5,598.5,offline
3336,0.2236,271.7,139.6,307.2,225.4,offline
3336,0.1784,303.1,355.6,333.5,412.7,offline
3336,0.1679,87.9,445.6,119.6,502.7,offline
3336,0.1549,244.2,263.2,280.0,338.6,offline
3336,0.1106,181.3,124.1,221.2,241.0,offline
3337,0.745,1720.6,768.8,1772.3,809.7,offline
3337,0.4752,1762.8,766.7,1790.1,800.8,offline
3337,0.3011,1828.1,701.9,1920.0,791.6,offline
3337,0.259,1737.9,767.6,1790.5,806.8,offline
3337,0.2477,279.4,219.0,313.7,305.0,offline
3337,0.1758,252.3,335.4,286.5,414.1,offline
3337,0.1488,183.5,205.8,227.8,317.1,offline
3338,0.6346,122.3,134.7,167.3,221.6,offline
3338,0.6084,254.7,350.8,287.2,420.1,offline
3338,0.4762,1741.6,777.6,1779.6,813.2,offline
3338,0.3411,311.2,432.2,341.8,492.7,offline
3338,0.3287,315.8,141.4,344.8,213.4,offline
3338,0.3113,618.1,246.1,642.0,282.5,offline
3338,0.2881,291.9,227.2,327.5,311.8,offline
3338,0.1288,234.5,132.1,271.5,215.7,offline
3339,0.6299,1757.7,919.2,1815.0,975.4,offline
3339,0.5931,1802.9,914.5,1840.2,978.5,offline
3339,0.3443,1266.1,880.5,1292.6,945.0,offline
3339,0.308,631.7,373.5,656.8,408.8,offline
3339,0.1458,155.5,266.2,203.8,354.2,offline
3339,0.1132,219.2,377.0,259.4,446.8,offline
3340,0.5564,1779.6,1006.4,1837.2,1056.2,offline
3340,0.5043,1822.2,1001.4,1864.0,1054.5,offline
3340,0.3337,1803.8,1005.0,1834.0,1050.9,offline
3340,0.2453,333.7,624.6,361.7,687.8,offline
3340,0.1441,279.2,535.9,314.7,609.6,offline
3340,0.1275,1838.6,1002.0,1862.0,1036.5,offline
3341,0.2047,285.1,576.3,318.4,650.8,offline
3341,0.1805,225.5,78.8,270.7,163.0,offline
3341,0.176,323.5,292.5,354.5,353.1,offline
3341,0.1618,284.7,365.3,318.3,447.5,offline
3341,0.1355,325.5,459.7,361.4,543.5,offline
3342,0.222,189.4,372.7,229.1,455.0,offline
3343,0.455,1817.4,1032.9,1857.2,1079.6,offline
3343,0.3872,194.9,588.0,223.6,636.7,offline
3343,0.338,1844.1,1031.5,1890.4,1063.8,offline
3343,0.2019,140.5,714.6,174.8,774.2,offline
3343,0.1621,342.7,257.5,376.3,333.9,offline
3343,0.1249,248.4,238.3,292.9,320.4,offline
3343,0.1061,384.0,356.6,413.5,431.0,offline
3344,0.3258,670.7,416.8,695.1,445.5,offline
3345,0.6283,162.9,613.5,193.4,674.6,offline
3345,0.4973,1820.5,926.6,1854.5,967.9,offline
3345,0.4461,325.6,467.2,357.2,526.3,offline
3345,0.4318,1855.2,928.9,1888.9,957.0,offline
3345,0.2801,214.4,250.9,255.8,338.3,offline
3345,0.1933,63.0,256.8,108.1,322.7,offline
3345,0.1787,375.6,544.4,401.6,602.9,offline
3345,0.1118,256.7,0.0,293.1,36.7,offline
3346,0.5585,1795.3,832.3,1836.2,873.6,offline
3346,0.4274,1827.5,829.9,1868.6,859.1,offline
3346,0.3085,362.8,262.2,396.2,344.8,offline
3346,0.2044,345.9,81.3,379.5,150.1,offline
3346,0.1259,274.8,241.6,315.9,354.4,offline
3347,0.4497,353.2,174.0,384.9,247.4,offline
3347,0.3637,202.5,74.6,245.4,167.0,offline
3347,0.2295,263.3,151.8,304.5,259.2,offline
3347,0.1521,317.8,280.0,352.3,348.4,offline
3347,0.1478,174.4,440.0,208.3,499.5,offline
3347,0.1226,133.7,0.0,176.8,46.4,offline
3348,0.4313,320.4,256.3,354.5,333.4,offline
3348,0.4303,191.1,30.5,233.0,133.7,offline
3348,0.3365,1799.5,719.8,1838.7,768.4,offline
3348,0.2307,210.8,303.0,238.3,351.8,offline
3348,0.2027,352.8,145.0,388.6,233.8,offline
3348,0.1672,371.2,313.2,413.6,411.6,offline
3349,0.5891,1798.4,707.3,1830.2,759.3,offline
3349,0.3971,324.0,237.5,355.9,314.3,offline
3349,0.3408,1839.1,704.2,1867.6,747.6,offline
3349,0.2574,375.2,327.3,408.5,405.9,offline
3349,0.1442,178.2,410.3,207.8,465.0,offline
3350,0.6235,1787.8,715.4,1818.4,754.1,offline
3350,0.6127,1827.6,713.7,1858.9,745.6,offline
3350,0.5345,199.4,31.8,247.7,116.2,offline
3350,0.3459,360.5,138.7,393.7,222.7,offline
3350,0.1743,218.6,291.3,248.4,339.9,offline
3351,0.5835,1798.1,714.8,1828.5,771.2,offline
3351,0.463,1844.3,713.0,1869.7,753.3,offline
3351,0.1032,215.5,24.5,260.9,132.3,offline
3352,0.5767,393.9,368.1,419.0,421.5,offline
3352,0.5273,367.7,158.7,401.1,237.7,offline
3352,0.488,1797.8,746.8,1835.2,782.9,offline
3352,0.3923,1846.7,745.5,1873.9,774.1,offline
3352,0.3,159.3,180.8,195.5,253.6,offline
3352,0.2721,237.5,306.6,265.1,372.0,offline
3352,0.1736,189.3,423.9,221.9,477.1,offline
3352,0.1184,260.7,504.0,286.8,560.5,offline
3354,0.3465,1833.5,807.3,1869.5,836.5,offline
3354,0.3347,1815.9,806.7,1872.3,879.2,offline
3355,0.2118,219.7,592.3,561.0,1067.0,offline
3355,0.1194,218.6,155.7,256.7,237.4,offline
3356,0.516,1780.6,781.0,1822.0,814.9,offline
3356,0.4177,165.5,466.1,194.7,515.5,offline
3356,0.3893,314.3,327.0,344.3,400.8,offline
3356,0.343,343.3,199.0,373.8,282.9,offline
3356,0.27,207.4,360.0,235.6,416.3,offline
3356,0.2282,213.0,535.7,550.7,1059.8,offline
3356,0.106,228.5,549.2,254.8,602.9,offline
3357,0.501,192.9,324.2,223.0,385.7,offline
3357,0.3704,327.4,187.9,358.0,248.0,offline
3357,0.3052,1736.7,756.5,1774.4,785.5,offline
3357,0.1603,244.2,191.5,278.0,255.2,offline
3358,0.4592,1723.1,719.7,1761.6,751.1,offline
3359,0.6245,1721.1,702.1,1763.3,733.1,offline
3359,0.466,1764.8,705.6,1795.5,733.9,offline
3359,0.4635,162.4,39.4,206.3,123.1,offline
3359,0.4608,99.2,159.7,136.3,230.8,offline
3359,0.4223,314.2,138.4,344.7,228.6,offline
3359,0.2629,224.0,120.3,266.0,234.2,offline
3359,0.1874,288.2,248.9,326.4,329.7,offline
3359,0.1575,267.4,49.8,300.9,111.5,offline
3359,0.1202,209.0,493.4,240.4,557.6,offline
3360,0.5524,281.4,243.6,313.9,317.1,offline
3360,0.4864,174.1,276.0,204.0,336.8,offline
3360,0.4081,1595.6,601.8,1915.6,781.9,offline
3360,0.3373,1811.6,600.6,1920.0,719.2,offline
3360,0.3003,1730.3,696.5,1797.6,763.2,offline
3360,0.25,162.3,23.0,200.9,119.0,offline
3360,0.2448,46.7,276.0,86.3,344.9,offline
3360,0.2281,140.3,398.6,169.8,458.8,offline
3360,0.1367,315.4,138.4,348.2,215.2,offline
3361,0.5948,1717.3,696.4,1759.9,729.6,offline
3361,0.4989,1768.0,699.6,1791.8,727.0,offline
3361,0.2963,162.9,19.4,205.0,112.4,offline
3362,0.4405,1734.4,696.0,1772.5,741.5,offline
3362,0.2804,184.5,275.5,213.7,325.5,offline
3362,0.1288,169.6,24.9,216.1,125.9,offline
3363,0.4363,1729.9,708.0,1777.4,747.2,offline
3363,0.3145,1731.5,708.6,1797.1,776.4,offline
3363,0.18,184.8,48.9,230.3,133.9,offline
3364,0.6554,1750.0,693.4,1790.0,744.5,offline
3364,0.3834,251.5,118.5,288.1,221.7,offline
3364,0.3474,1778.1,708.4,1818.2,736.2,offline
3364,0.2918,186.9,30.9,224.6,125.1,offline
3364,0.1664,285.6,45.3,320.1,134.8,offline
3364,0.1402,334.0,146.3,366.7,223.3,offline
3365,0.4667,192.4,40.3,230.1,115.3,offline
3365,0.4465,1760.0,689.9,1808.7,749.7,offline
3365,0.3657,1764.1,689.5,1833.0,786.1,offline
3365,0.3225,164.5,400.7,193.1,457.6,offline
3365,0.3073,1792.1,700.6,1838.3,785.9,offline
3365,0.2223,358.8,346.2,385.9,409.0,offline
3365,0.1595,252.4,110.2,291.0,209.2,offline
3365,0.1418,269.1,385.3,294.7,436.4,offline
3365,0.1169,336.1,141.7,367.6,214.9,offline
3365,0.1038,366.8,66.2,397.8,131.7,offline
3366,0.7081,1751.0,702.7,1809.4,752.0,offline
3366,0.3865,1579.4,673.3,1603.9,701.0,offline
3366,0.2865,170.4,399.8,200.3,464.4,offline
3366,0.2157,213.7,297.7,241.3,354.7,offline
3366,0.1691,198.3,44.8,237.5,127.2,offline
3366,0.1601,364.1,357.4,390.8,412.7,offline
3366,0.1357,260.4,130.7,301.6,249.6,offline
3367,0.4251,1805.2,801.9,1835.6,829.3,offline
3367,0.3223,1647.5,733.1,1723.1,834.1,offline
3367,0.3025,1831.9,698.9,1920.0,825.8,offline
3367,0.2312,218.3,554.1,556.4,1068.5,offline
3367,0.1289,247.7,4.5,288.2,84.0,offline
3367,0.1163,265.7,202.8,310.1,296.1,offline
3368,0.6607,1764.0,804.9,1807.9,853.8,offline
3368,0.5506,1581.3,776.7,1612.3,815.5,offline
3368,0.4868,1615.6,770.6,1641.5,803.9,offline
3368,0.323,1892.0,806.4,1920.0,842.9,offline
3368,0.3095,355.2,277.5,384.1,346.6,offline
3368,0.1245,256.9,49.6,297.5,125.5,offline
3369,0.7704,1759.8,812.2,1804.6,865.4,offline
3369,0.7036,1564.5,790.6,1603.7,851.0,offline
3369,0.6178,350.9,266.8,382.3,343.6,offline
3369,0.4298,1608.4,776.2,1634.2,806.7,offline
3369,0.4182,360.5,456.3,386.8,518.3,offline
3369,0.3672,165.1,499.8,193.6,554.2,offline
3369,0.3041,1797.8,829.2,1826.7,856.6,offline
3369,0.1889,317.6,371.4,347.5,437.5,offline
3369,0.1683,297.5,0.7,334.3,68.0,offline
3369,0.1514,266.4,255.7,305.7,342.9,offline
3369,0.1442,213.1,396.0,241.6,443.5,offline
3370,0.7241,1767.9,708.2,1805.0,754.4,offline
3370,0.569,1573.8,693.2,1612.9,746.2,offline
3370,0.4703,1799.5,722.7,1829.0,754.3,offline
3370,0.4508,180.7,422.0,208.7,475.1,offline
3370,0.3865,1620.0,689.8,1642.5,721.2,offline
3370,0.3639,371.8,370.4,398.5,438.5,offline
3370,0.3335,1896.1,711.3,1919.9,739.7,offline
3370,0.2359,317.1,287.2,346.0,350.3,offline
3370,0.1794,209.0,80.1,249.9,151.8,offline
3370,0.1051,278.2,152.6,310.9,245.6,offline
3371,0.8336,1571.6,628.8,1608.1,681.6,offline
3371,0.7974,1622.2,617.9,1646.8,663.0,offline
3371,0.5361,1575.7,623.0,1610.8,658.8,offline
3371,0.5086,326.2,229.7,358.5,296.0,offline
3371,0.3598,1797.5,660.0,1820.5,683.2,offline
3371,0.3071,183.9,361.2,215.4,424.4,offline
3371,0.1606,380.3,48.5,409.3,118.4,offline
3371,0.1284,210.4,19.6,251.9,97.2,offline
3371,0.1201,352.6,125.7,384.1,204.7,offline
3371,0.12,275.6,98.4,310.9,203.0,offline
3371,0.1114,224.0,254.3,252.4,308.0,offline
3372,0.6739,1779.5,606.1,1821.7,659.0,offline
3372,0.6121,1589.0,595.2,1619.8,650.3,offline
3372,0.6035,1633.7,584.6,1657.7,627.8,offline
3372,0.4438,1293.9,597.0,1336.1,639.8,offline
3372,0.3551,193.3,342.8,222.6,392.8,offline
3372,0.3287,1628.7,584.6,1663.6,646.3,offline
3372,0.3142,1393.8,591.7,1429.1,639.6,offline
3372,0.2983,587.3,944.8,604.0,976.2,offline
3372,0.2453,377.1,290.5,405.7,356.1,offline
3372,0.2129,205.5,0.0,243.3,53.9,offline
3372,0.1908,303.3,2.0,335.9,66.5,offline
3372,0.133,325.3,204.8,357.6,265.3,offline
3372,0.1082,374.7,11.2,403.3,77.3,offline
3373,0.6979,1773.1,608.9,1811.0,640.0,offline
3373,0.5942,1633.6,592.5,1665.8,625.6,offline
3373,0.5917,1587.6,598.5,1622.2,641.2,offline
3373,0.3896,1807.7,617.7,1834.1,639.9,offline
3373,0.3858,340.9,211.2,370.2,269.8,offline
3373,0.3215,164.9,119.8,201.0,176.4,offline
3373,0.1284,242.4,229.1,269.7,274.5,offline
3373,0.1154,214.2,1.3,249.6,69.2,offline
3373,0.1027,360.0,104.1,395.1,189.7,offline
3374,0.5679,1828.9,698.9,1854.4,731.3,offline
3374,0.2528,210.9,411.2,240.4,463.1,offline
3374,0.2202,392.0,380.2,416.8,429.5,offline
3374,0.1598,355.0,5.9,383.1,68.0,offline
3375,0.351,1788.0,780.2,1817.8,815.2,offline
3375,0.3276,1600.2,771.9,1631.3,814.2,offline
3375,0.247,277.6,569.5,303.2,622.3,offline
3375,0.1345,286.2,37.0,322.5,118.2,offline
3375,0.1129,355.8,339.1,386.1,407.5,offline
3376,0.8118,1619.4,846.2,1648.2,894.1,offline
3376,0.7537,1808.5,857.8,1837.8,893.7,offline
3376,0.6656,1837.5,860.8,1865.1,889.4,offline
3376,0.3352,352.7,434.8,383.6,497.9,offline
3377,0.6243,1848.1,947.0,1874.5,977.2,offline
3378,0.7509,1820.1,943.7,1851.1,998.0,offline
3378,0.6021,1852.7,949.3,1875.6,989.2,offline
3378,0.2003,213.4,434.1,244.8,498.9,offline
3378,0.1289,320.7,1030.9,349.9,1079.4,offline
3379,0.4634,1839.5,910.6,1867.1,954.8,offline
3379,0.4052,328.1,621.3,351.2,668.1,offline
3379,0.3825,232.3,627.4,258.8,681.0,offline
3379,0.2536,355.3,133.0,384.3,207.6,offline
3379,0.213,217.3,169.6,257.5,246.5,offline
3379,0.166,372.4,714.1,388.9,752.2,offline
3379,0.1361,316.2,201.0,352.8,275.6,offline
3379,0.1023,363.3,490.0,393.9,549.1,offline
3380,0.6984,1807.2,777.2,1837.7,813.2,offline
3380,0.5667,1834.9,779.0,1865.3,807.5,offline
3380,0.4511,371.3,374.6,399.6,438.0,offline
3380,0.1107,413.7,448.7,441.0,511.6,offline
3381,0.256,270.8,239.2,296.1,289.7,offline
3381,0.1426,348.4,21.3,378.9,99.3,offline
3381,0.1255,257.1,3.2,294.3,88.2,offline
3382,0.7579,1602.7,527.6,1630.5,574.8,offline
3382,0.7549,1770.7,532.6,1801.2,572.2,offline
3382,0.7071,1635.9,532.4,1662.7,573.3,offline
3382,0.6305,1801.2,532.8,1825.5,565.3,offline
3382,0.4764,1365.9,1037.3,1407.1,1079.5,offline
3382,0.4525,385.0,27.7,415.2,104.1,offline
3382,0.439,1300.3,513.6,1322.2,548.8,offline
3382,0.4223,1400.7,507.8,1424.4,544.7,offline
3382,0.3778,1237.2,1047.6,1273.6,1080.0,offline
3382,0.3608,1197.9,1059.3,1233.5,1079.8,offline
3382,0.3008,1198.2,1048.0,1273.0,1080.0,offline
3382,0.2684,310.5,1.6,342.8,96.6,offline
3382,0.259,358.0,122.6,385.0,179.2,offline
3382,0.1707,302.6,344.8,325.9,396.2,offline
3382,0.1344,263.1,137.7,287.6,180.1,offline
3383,0.7599,1780.9,496.3,1810.3,537.2,offline
3383,0.7538,1612.8,493.4,1637.6,535.9,offline
3383,0.6049,1644.0,498.2,1671.0,537.2,offline
3383,0.5441,1809.0,496.5,1835.1,529.0,offline
3383,0.3298,1408.5,473.3,1435.8,505.9,offline
3383,0.2822,1197.6,1013.5,1279.9,1080.0,offline
3383,0.2024,328.3,204.0,350.8,253.6,offline
3383,0.1865,232.7,206.2,260.7,267.0,offline
3383,0.1707,357.1,85.2,391.0,144.0,offline
3383,0.1384,408.0,183.3,433.5,232.4,offline
3384,0.5716,358.8,61.6,387.5,123.5,offline
3384,0.4869,1600.9,487.7,1625.5,517.6,offline
3384,0.3347,1631.1,495.2,1653.6,517.6,offline
3384,0.3327,1765.0,490.8,1790.7,519.6,offline
3384,0.1674,228.7,167.7,254.9,214.4,offline
3384,0.1655,403.3,148.7,427.2,199.9,offline
3384,0.1388,262.1,73.9,289.1,122.4,offline
3385,0.7399,1764.5,482.5,1793.3,518.6,offline
3385,0.711,1602.6,482.4,1627.9,517.9,offline
3385,0.6062,1629.5,490.9,1655.7,518.7,offline
3385,0.3545,1799.4,484.3,1821.7,509.9,offline
3385,0.3139,1884.8,471.5,1919.9,502.9,offline
3385,0.3111,297.7,265.0,326.4,322.0,offline
3385,0.2671,271.0,69.7,297.4,122.8,offline
3385,0.1573,232.0,158.1,259.2,218.0,offline
3385,0.1465,407.0,118.9,443.9,197.8,offline
3385,0.1246,324.8,159.2,348.9,216.6,offline
3385,0.1245,1354.3,970.5,1406.1,1066.0,offline
3386,0.3902,1788.1,506.6,1809.5,543.3,offline
3386,0.3726,1625.1,515.9,1648.7,554.9,offline
3386,0.3538,1770.1,504.9,1812.4,588.8,offline
3386,0.2927,315.9,266.7,340.9,311.9,offline
3387,0.2057,1186.8,810.4,1268.7,919.3,offline
3388,0.7796,1017.2,654.0,1042.8,697.9,offline
3388,0.3905,1632.4,333.7,1656.6,363.0,offline
3388,0.3338,1301.3,302.5,1325.9,332.3,offline
3388,0.3332,1793.6,323.0,1821.5,349.2,offline
3389,0.6321,1777.7,316.8,1811.5,357.1,offline
3389,0.3251,1415.8,297.3,1439.2,332.1,offline
3389,0.3222,1803.9,318.4,1831.2,350.6,offline
3390,0.4931,414.2,16.4,439.4,77.0,offline
3390,0.201,1018.6,692.6,1066.6,795.5,offline
3391,0.3012,1877.6,384.7,1917.7,422.4,offline
3391,0.1935,1340.8,863.9,1388.7,950.7,offline
3391,0.1709,981.8,934.9,1005.7,973.8,offline
3392,0.6956,1754.9,418.8,1786.8,459.8,offline
3392,0.6465,1604.5,424.5,1627.3,468.6,offline
3392,0.5207,1625.4,433.5,1647.4,473.2,offline
3392,0.5191,991.6,969.3,1016.2,1017.8,offline
3392,0.4318,1788.7,419.9,1809.8,448.7,offline
3392,0.3045,1599.0,431.3,1646.6,515.7,offline
3392,0.3007,1792.9,417.9,1820.8,449.6,offline
3392,0.124,372.3,4.4,397.9,62.0,offline
3393,0.368,1745.1,440.2,1834.5,532.2,offline
3393,0.3483,1588.5,440.1,1664.8,498.6,offline
3393,0.319,1584.0,464.3,1612.1,495.8,offline
3393,0.2699,1013.7,778.0,1062.8,885.7,offline
3393,0.2206,281.0,5.2,305.0,68.0,offline
3393,0.1914,368.9,3.7,399.5,79.6,offline
3394,0.5994,1588.6,488.6,1610.7,517.9,offline
3394,0.4643,1613.2,496.2,1633.7,525.0,offline
3394,0.4049,1008.7,803.5,1052.2,911.6,offline
3394,0.3959,1774.7,484.8,1796.1,507.0,offline
3394,0.2214,371.5,41.3,401.3,107.2,offline
3394,0.1564,180.2,19.7,214.2,73.1,offline
3394,0.1562,975.3,1012.0,1002.3,1062.5,offline
3394,0.1098,284.3,45.2,309.7,95.7,offline
3395,0.7164,1736.9,473.8,1768.9,510.0,offline
3395,0.6794,1586.0,481.1,1609.9,520.3,offline
3395,0.665,1768.0,474.8,1795.2,503.3,offline
3395,0.5548,1605.2,489.5,1632.7,525.9,offline
3395,0.3796,247.8,152.6,271.9,205.5,offline
3395,0.1817,977.1,1030.0,1006.1,1074.8,offline
3395,0.1279,410.0,124.4,444.8,208.6,offline
3395,0.1036,372.3,59.9,398.4,120.6,offline
3396,0.7048,1732.5,483.9,1761.6,524.2,offline
3396,0.6807,1582.3,492.2,1604.4,534.3,offline
3396,0.6746,353.2,64.8,383.5,125.6,offline
3396,0.6349,1764.7,486.5,1787.0,515.4,offline
3396,0.5117,1603.7,500.5,1626.6,538.8,offline
3396,0.3329,1247.3,432.7,1266.8,464.9,offline
3396,0.2293,239.2,166.6,264.2,223.6,offline
3396,0.2266,159.7,39.7,192.8,96.2,offline
3397,0.7913,1713.6,488.9,1745.1,526.1,offline
3397,0.6854,1745.3,491.6,1770.7,518.4,offline
3397,0.6286,1566.7,497.8,1597.8,536.4,offline
3397,0.5467,1585.6,503.4,1611.6,540.8,offline
3397,0.4316,349.1,65.6,378.1,121.7,offline
3397,0.3177,1827.9,476.6,1859.9,511.0,offline
3397,0.1627,156.1,42.9,188.2,97.3,offline
3397,0.1173,261.6,72.4,284.1,113.1,offline
3397,0.1014,227.8,148.9,252.9,208.6,offline
3398,0.4495,346.0,57.2,376.2,124.3,offline
3398,0.4411,1743.4,487.7,1768.8,506.3,offline
3398,0.4313,1585.5,497.1,1607.5,524.6,offline
3398,0.3366,961.4,1025.0,987.8,1069.1,offline
3398,0.2425,256.7,61.1,283.3,113.5,offline
3399,0.7759,991.5,812.9,1015.8,858.6,offline
3399,0.6775,1568.1,488.2,1591.6,520.1,offline
3399,0.6659,1716.7,482.1,1746.1,510.6,offline
3399,0.6296,390.0,159.5,415.6,215.0,offline
3399,0.4339,1745.6,486.6,1767.7,504.4,offline
3399,0.4325,577.8,440.4,658.0,537.1,offline
3399,0.3903,227.5,167.4,252.5,213.6,offline
3399,0.3898,1591.4,492.8,1613.3,519.9,offline
3399,0.3322,1755.0,486.2,1775.2,503.2,offline
3399,0.2172,1163.8,962.6,1240.4,1078.5,offline
3399,0.1839,989.4,812.6,1034.0,910.7,offline
3400,0.7428,1721.3,473.8,1754.1,514.9,offline
3400,0.5884,1572.6,486.1,1597.4,523.3,offline
3400,0.5201,1749.4,476.0,1781.1,508.4,offline
3400,0.3965,260.6,66.0,288.7,124.6,offline
3400,0.3296,1726.9,475.9,1782.6,556.4,offline
3400,0.3205,1832.7,458.3,1876.1,500.5,offline
3400,0.1184,229.7,175.6,255.6,221.4,offline
3401,0.7683,1712.8,460.0,1743.4,500.3,offline
3401,0.7071,1567.4,470.4,1592.3,515.5,offline
3401,0.6564,1744.4,461.0,1772.1,491.1,offline
3401,0.3102,1591.8,477.7,1612.9,509.4,offline
3401,0.1516,1170.6,962.4,1252.7,1070.3,offline
3402,0.7588,1711.6,473.2,1743.2,505.4,offline
3402,0.6515,1565.9,485.1,1588.4,514.0,offline
3402,0.5927,1743.8,475.8,1771.6,499.7,offline
3402,0.4171,1719.5,440.2,1810.5,544.0,offline
3402,0.397,1574.4,440.2,1645.4,514.5,offline
3402,0.3846,1360.2,460.4,1384.3,493.2,offline
3402,0.3714,1558.3,440.0,1645.1,562.5,offline
3402,0.3394,1570.5,440.5,1810.2,514.9,offline
3402,0.2714,223.3,175.1,248.8,223.8,offline
3402,0.2642,968.3,1031.4,996.3,1076.8,offline
3402,0.2535,987.0,810.0,1035.6,912.5,offline
3402,0.2255,338.1,75.6,366.7,145.7,offline
3402,0.1127,250.0,79.7,274.8,132.6,offline
3403,0.7813,1695.9,470.4,1727.0,511.2,offline
3403,0.6853,1552.0,482.9,1579.7,523.6,offline
3403,0.6539,1723.6,473.1,1754.5,502.3,offline
3403,0.3852,212.7,178.6,239.2,232.7,offline
3403,0.352,1572.4,488.8,1593.8,521.8,offline
3403,0.1454,363.8,4.4,381.3,49.5,offline
3403,0.1361,376.6,142.7,411.6,231.3,offline
3403,0.1347,281.1,282.1,303.7,330.1,offline
3403,0.1222,960.7,1023.1,990.4,1080.0,offline
3403,0.1172,992.2,822.7,1033.5,919.4,offline
3403,0.1013,346.7,680.7,377.7,741.8,offline
3404,0.6626,1679.6,481.5,1706.1,514.0,offline
3404,0.5698,1533.8,494.7,1556.8,524.0,offline
3404,0.4987,1706.0,483.1,1733.9,508.0,offline
3404,0.4205,974.0,824.5,997.8,872.5,offline
3404,0.3964,1229.1,477.2,1265.0,537.6,offline
3404,0.3619,123.9,69.4,158.3,128.8,offline
3404,0.3611,269.3,0.5,303.9,58.0,offline
3404,0.3557,1317.7,475.5,1355.0,527.5,offline
3404,0.1042,226.9,93.7,253.7,149.3,offline
3405,0.6595,1526.1,510.4,1547.9,552.5,offline
3405,0.6299,1667.6,499.3,1696.2,534.0,offline
3405,0.4891,1694.2,502.2,1726.1,526.0,offline
3405,0.3313,1775.1,487.1,1823.7,517.4,offline
3405,0.3279,1828.6,485.2,1864.9,513.6,offline
3405,0.3266,1548.0,520.1,1568.1,549.5,offline
3405,0.3145,341.7,38.5,368.2,98.6,offline
3405,0.308,1157.3,993.0,1370.9,1079.5,offline
3405,0.2631,1157.6,1013.7,1233.7,1079.9,offline
3405,0.1857,356.1,183.6,385.1,255.4,offline
3405,0.111,991.2,913.5,1023.2,963.6,offline
3405,0.1105,283.4,215.7,306.5,262.7,offline
3406,0.7073,1682.7,534.2,1710.8,567.9,offline
3406,0.6405,1537.9,548.4,1560.5,583.0,offline
3406,0.6285,1710.6,535.4,1738.3,562.1,offline
3406,0.3994,341.4,58.1,368.8,136.7,offline
3406,0.3986,1555.8,555.1,1578.8,584.3,offline
3406,0.2941,268.9,25.5,305.2,122.9,offline
3406,0.2015,1152.2,1029.4,1223.5,1080.0,offline
3406,0.133,168.2,42.4,200.3,88.8,offline
3407,0.517,1542.8,533.8,1566.3,563.9,offline
3407,0.4989,1687.2,522.4,1715.7,551.7,offline
3407,0.333,203.2,250.0,228.7,302.1,offline
3407,0.2916,975.0,879.6,999.6,913.1,offline
3407,0.2492,1157.4,1018.0,1238.1,1080.0,offline
3407,0.2291,322.5,164.5,347.7,219.2,offline
3407,0.2091,1156.7,994.9,1367.9,1079.8,offline
3407,0.1724,342.0,761.2,372.3,821.7,offline
3407,0.1289,365.2,234.5,393.1,298.9,offline
3408,0.7573,1694.2,466.3,1724.7,505.9,offline
3408,0.6683,1550.5,481.1,1572.7,526.1,offline
3408,0.6272,1721.9,467.0,1754.7,498.8,offline
3408,0.5628,369.7,215.5,395.1,271.3,offline
3408,0.4419,326.8,120.2,354.4,191.1,offline
3408,0.3769,1569.3,493.7,1590.7,527.9,offline
3408,0.3167,1802.0,449.4,1837.0,482.9,offline
3408,0.3093,966.3,1035.4,994.3,1078.9,offline
3408,0.1821,1332.1,954.3,1378.2,1031.2,offline
3408,0.112,262.6,6.8,296.4,81.7,offline
3408,0.11,162.3,3.1,192.6,61.9,offline
3408,0.1049,207.7,226.3,232.0,275.1,offline
3409,0.7085,1547.9,466.5,1574.4,511.0,offline
3409,0.6839,1689.1,451.6,1719.0,484.7,offline
3409,0.5437,1568.4,474.1,1591.2,510.5,offline
3409,0.5298,319.9,95.7,350.6,166.3,offline
3409,0.5094,343.6,13.5,370.5,74.9,offline
3409,0.4979,1722.1,452.4,1749.8,475.3,offline
3409,0.4917,234.0,106.4,258.9,158.1,offline
3409,0.3605,131.0,82.0,164.0,141.9,offline
3409,0.3557,1798.4,440.1,1830.0,464.1,offline
3409,0.3437,270.5,4.9,301.7,63.9,offline
3409,0.1743,992.2,810.9,1041.1,918.5,offline
3410,0.5691,1709.4,443.9,1742.7,478.4,offline
3410,0.4503,1563.9,461.2,1606.9,494.5,offline
3410,0.4076,1739.6,446.0,1771.4,472.1,offline
3410,0.3655,353.4,12.5,382.6,82.2,offline
3410,0.3306,1721.5,440.0,1793.2,523.3,offline
3410,0.3115,1562.9,460.0,1587.1,489.3,offline
3410,0.3018,1712.3,446.8,1753.5,522.1,offline
3410,0.3001,1858.0,487.7,1908.1,514.1,offline
3410,0.1308,225.0,203.7,251.6,262.1,offline
3410,0.1135,336.4,103.4,366.7,164.8,offline
3411,0.3961,1732.5,440.4,1812.3,538.0,offline
3411,0.3388,195.0,1.7,224.7,52.0,offline
3411,0.2142,166.6,97.2,198.8,157.3,offline
3412,0.7971,1725.9,462.1,1753.8,497.5,offline
3412,0.6972,1754.5,462.4,1783.3,489.8,offline
3412,0.6571,1579.3,478.0,1600.6,510.4,offline
3412,0.4598,1594.8,484.5,1619.4,513.2,offline
3412,0.3227,310.9,313.6,333.5,357.6,offline
3412,0.3158,377.3,15.4,405.0,80.7,offline
3412,0.2119,307.4,4.8,338.0,70.7,offline
3413,0.5169,1724.4,471.6,1754.6,502.9,offline
3413,0.4873,1576.6,485.4,1603.0,516.0,offline
3413,0.3921,1757.4,471.9,1785.6,495.0,offline
3413,0.3234,994.1,1042.4,1021.0,1079.8,offline
3413,0.3094,360.7,119.8,390.4,181.8,offline
3413,0.2234,375.6,30.1,403.7,102.0,offline
3413,0.11,245.1,224.3,271.2,274.1,offline
3413,0.1021,306.5,23.2,336.8,91.6,offline
3414,0.6592,1710.7,487.3,1742.9,520.4,offline
3414,0.5501,1563.3,502.6,1592.4,534.5,offline
3414,0.472,1738.9,489.4,1771.5,514.5,offline
3414,0.3814,236.9,224.3,263.4,273.0,offline
3414,0.2976,396.3,212.6,420.1,263.3,offline
3414,0.2433,352.0,137.4,379.5,196.3,offline
3414,0.2031,1008.0,841.4,1057.3,943.2,offline
3414,0.1815,202.2,22.3,230.6,72.4,offline
3414,0.1388,266.2,144.5,290.7,188.8,offline
3414,0.1066,324.1,230.2,343.4,271.5,offline
3415,0.7768,1689.9,485.2,1718.8,521.9,offline
3415,0.7495,1547.0,501.5,1567.3,547.1,offline
3415,0.633,1566.6,506.8,1587.0,546.2,offline
3415,0.6265,1718.7,484.9,1748.8,511.5,offline
3415,0.4565,356.4,53.1,382.4,112.8,offline
3415,0.3423,286.0,21.7,318.3,103.8,offline
3415,0.3066,1799.6,469.1,1832.9,498.8,offline
3415,0.2889,1001.9,853.5,1050.2,958.8,offline
3415,0.2677,245.1,139.6,269.5,189.6,offline
3415,0.1299,330.6,130.0,360.1,195.4,offline
3416,0.6356,1552.5,516.7,1578.6,548.3,offline
3416,0.6164,1697.4,498.3,1727.2,533.5,offline
3416,0.4339,1724.4,501.2,1749.4,526.9,offline
3416,0.3669,1183.3,1015.5,1264.6,1079.5,offline
3416,0.3201,1533.6,440.3,1627.0,545.5,offline
3416,0.2547,128.5,133.2,161.6,205.8,offline
3416,0.1823,232.1,161.1,257.6,225.0,offline
3417,0.5209,987.8,861.1,1014.5,907.9,offline
3417,0.4812,288.7,122.7,320.1,188.9,offline
3417,0.4254,315.9,52.0,341.2,106.6,offline
3417,0.3984,203.2,129.5,227.7,181.8,offline
3417,0.3652,1153.0,961.5,1243.7,1074.6,offline
3417,0.3613,1681.3,440.0,1740.8,564.9,offline
3417,0.3094,1667.7,446.9,1694.0,508.0,offline
3417,0.1027,245.6,27.8,276.8,98.8,offline
3418,0.5903,982.0,829.7,1009.8,879.5,offline
3418,0.5657,1650.4,418.1,1677.0,459.8,offline
3418,0.5541,1507.9,436.6,1532.1,485.8,offline
3418,0.4567,1151.9,932.6,1243.1,1068.0,offline
3418,0.4177,1677.4,418.3,1707.6,450.9,offline
3418,0.2224,84.3,93.8,118.2,158.1,offline
3418,0.1326,192.2,115.9,216.2,173.0,offline
3418,0.1316,980.7,828.8,1028.3,910.9,offline
3418,0.1251,222.5,4.0,256.6,82.5,offline
3419,0.7254,1653.4,391.9,1681.4,432.2,offline
3419,0.6138,1680.2,392.7,1710.0,424.7,offline
3419,0.5918,1511.0,415.0,1538.7,457.5,offline
3419,0.5169,268.4,84.6,299.0,144.0,offline
3419,0.2217,179.5,92.4,203.7,138.4,offline
3420,0.7747,1672.2,355.7,1699.3,391.0,offline
3420,0.6513,1699.6,355.6,1727.9,382.0,offline
3420,0.598,1532.0,377.4,1553.0,409.8,offline
3420,0.417,1548.7,386.0,1571.8,409.1,offline
3420,0.3158,186.5,65.4,212.7,126.7,offline
3420,0.1327,77.1,44.4,111.7,112.2,offline
3420,0.1015,1028.6,824.3,1059.8,868.8,offline
3421,0.6581,324.0,138.8,351.0,186.8,offline
3421,0.4031,158.6,152.0,184.5,198.7,offline
3421,0.3524,1679.1,367.8,1740.7,434.5,offline
3421,0.2892,249.6,155.1,270.9,193.8,offline
3422,0.6978,1547.5,405.0,1568.5,436.0,offline
3422,0.6926,1689.4,380.5,1719.3,416.8,offline
3422,0.6163,1719.2,379.5,1747.2,408.4,offline
3422,0.5288,166.4,171.5,192.2,217.6,offline
3422,0.4699,1795.0,344.9,1832.4,392.3,offline
3422,0.4041,1568.5,407.6,1587.6,433.9,offline
3422,0.3147,1843.5,422.8,1892.1,449.2,offline
3422,0.2967,257.5,175.8,278.7,215.9,offline
3422,0.1774,993.8,757.8,1038.7,848.9,offline
3422,0.1567,237.6,260.4,258.8,304.4,offline
3423,0.6544,1707.8,387.4,1733.6,428.6,offline
3423,0.6315,1533.7,410.1,1557.8,462.6,offline
3423,0.3246,1810.6,365.1,1835.0,405.3,offline
3423,0.3009,969.2,1008.8,992.7,1043.1,offline
3423,0.1781,189.5,58.9,217.2,114.9,offline
3424,0.5066,1689.6,432.4,1722.0,471.9,offline
3424,0.416,1719.9,434.5,1751.5,465.8,offline
3424,0.3591,1797.4,393.4,1835.5,449.9,offline
3424,0.2387,985.2,814.3,1013.9,871.7,offline
3424,0.2276,1153.6,926.2,1241.9,1060.6,offline
3424,0.1956,187.0,55.7,215.6,120.9,offline
3424,0.1431,277.8,43.0,312.6,128.1,offline
3425,0.5546,1716.6,439.6,1749.3,473.2,offline
3425,0.476,1747.9,438.8,1780.1,465.7,offline
3425,0.4673,1564.5,454.9,1594.9,485.3,offline
3425,0.4055,1174.8,917.6,1245.9,1026.1,offline
3425,0.3848,1173.7,897.8,1372.9,1026.5,offline
3425,0.3573,985.2,1023.5,1009.1,1053.0,offline
3425,0.3233,1583.8,459.5,1613.9,486.1,offline
3425,0.3125,1747.4,446.9,1770.3,465.6,offline
3425,0.3052,1340.8,898.3,1373.0,973.7,offline
3425,0.1432,1002.8,803.5,1038.1,885.3,offline
3426,0.7415,1707.4,456.0,1737.5,488.7,offline
3426,0.6836,1738.4,456.4,1770.3,482.6,offline
3426,0.5406,316.0,92.2,343.7,151.3,offline
3426,0.5404,1715.7,440.2,1800.9,534.5,offline
3426,0.4103,1558.4,470.2,1581.1,499.2,offline
3426,0.3604,1559.2,470.9,1607.0,500.8,offline
3426,0.1858,223.5,91.5,248.8,140.0,offline
3427,0.6131,1552.3,520.6,1573.1,555.4,offline
3427,0.5784,1698.5,512.0,1727.7,544.8,offline
3427,0.5502,1728.2,512.9,1756.2,538.0,offline
3427,0.4404,1569.4,526.2,1594.8,554.7,offline
3427,0.2636,312.2,107.6,342.1,175.1,offline
3427,0.2566,262.2,2.3,296.0,76.4,offline
3427,0.2425,1156.7,1030.1,1231.4,1080.0,offline
3427,0.1616,246.1,304.5,271.5,361.5,offline
3427,0.1135,155.0,2.2,188.3,46.4,offline
3428,0.5151,349.2,49.2,375.8,103.7,offline
3428,0.3059,1554.5,471.1,1644.7,638.4,offline
3428,0.2454,224.0,111.6,248.1,158.7,offline
3428,0.1628,316.4,111.5,346.2,181.1,offline
3428,0.1074,987.7,959.4,1025.6,1029.7,offline
3428,0.1066,410.5,65.7,432.7,123.1,offline
3429,0.5491,1710.5,568.6,1743.0,597.9,offline
3429,0.471,1743.6,569.2,1771.4,593.2,offline
3429,0.3955,1559.1,574.4,1583.9,602.2,offline
3429,0.3173,1578.8,577.5,1604.3,603.1,offline
3429,0.2613,280.1,2.7,315.0,89.5,offline
3429,0.2182,249.0,320.4,272.6,373.6,offline
3429,0.2051,172.7,1.3,201.0,40.4,offline
3429,0.1882,966.7,903.8,1016.3,1012.8,offline
3430,0.5846,386.6,226.5,410.3,285.9,offline
3430,0.4387,1749.6,546.7,1780.4,574.0,offline
3430,0.4201,1592.9,549.8,1619.5,578.9,offline
3430,0.3582,1779.0,546.3,1811.9,569.4,offline
3430,0.3396,1751.3,546.4,1811.5,619.6,offline
3430,0.3186,1489.9,1035.5,1537.0,1079.8,offline
3430,0.3012,1581.6,549.7,1626.8,640.3,offline
3430,0.268,212.5,217.5,239.8,269.3,offline
3430,0.2185,184.2,0.0,218.9,38.1,offline
3430,0.1127,306.2,235.2,327.5,277.2,offline
3431,0.7452,1789.1,493.1,1821.4,530.8,offline
3431,0.74,1634.1,502.2,1657.6,542.5,offline
3431,0.6006,1650.2,508.1,1678.6,543.8,offline
3431,0.5687,1824.7,494.1,1851.2,521.6,offline
3431,0.4974,1211.2,1015.7,1295.8,1079.6,offline
3431,0.2883,326.7,191.3,350.2,240.7,offline
3431,0.2692,408.6,163.6,442.0,245.7,offline
3431,0.2299,605.3,814.6,621.2,849.3,offline
3431,0.1988,231.8,165.3,259.6,224.9,offline
3431,0.1758,298.9,279.4,324.3,328.9,offline
3431,0.1208,1047.3,919.0,1079.3,965.6,offline
3432,0.7586,1818.8,424.4,1856.6,486.0,offline
3432,0.6498,1662.1,435.5,1690.0,494.7,offline
3432,0.6034,1853.1,426.1,1880.9,477.7,offline
3432,0.4054,1590.3,517.4,1623.4,569.3,offline
3432,0.3987,1661.9,440.0,1720.9,498.6,offline
3432,0.3742,1322.9,423.5,1356.5,502.6,offline
3432,0.3419,375.1,46.0,405.8,107.4,offline
3432,0.3224,345.7,158.6,368.6,211.0,offline
3432,0.3206,1018.9,1008.5,1044.9,1067.6,offline
3432,0.3066,1661.1,440.0,1722.7,566.1,offline
3432,0.2997,250.2,130.3,278.5,197.5,offline
3432,0.1906,1229.4,959.9,1321.5,1077.3,offline
3433,0.5336,1671.5,439.3,1699.5,469.2,offline
3433,0.5293,1869.8,425.9,1899.8,455.4,offline
3433,0.4306,422.1,128.4,450.0,183.3,offline
3433,0.4116,1667.0,440.4,1736.1,531.0,offline
3433,0.3503,1309.8,374.1,1331.1,405.7,offline
3433,0.3171,1344.6,425.1,1365.9,456.0,offline
3433,0.3113,1583.6,488.7,1619.7,532.9,offline
3433,0.244,384.6,23.5,418.0,100.1,offline
3433,0.2136,287.0,22.6,317.8,77.7,offline
3433,0.2079,1259.2,947.7,1342.1,1064.1,offline
3434,0.4834,346.6,15.3,374.9,71.7,offline
3434,0.3878,1797.6,440.1,1876.4,529.2,offline
3434,0.3625,1623.9,440.1,1697.5,541.7,offline
3434,0.3458,1786.3,442.5,1818.4,490.7,offline
3434,0.2436,205.5,84.5,233.2,134.7,offline
3434,0.1578,305.4,107.3,326.6,149.7,offline
3435,0.5361,1754.0,467.5,1786.6,498.6,offline
3435,0.4937,1786.5,466.4,1818.1,492.5,offline
3435,0.4773,1595.6,475.6,1621.8,503.6,offline
3435,0.377,1174.4,992.2,1254.5,1078.8,offline
3435,0.3367,1617.6,478.0,1645.0,506.2,offline
3435,0.313,1379.0,455.4,1403.4,482.7,offline
3435,0.1736,235.4,216.0,261.4,268.8,offline
3435,0.1504,357.3,140.3,381.0,183.9,offline
3436,0.7551,1706.0,477.3,1737.9,511.7,offline
3436,0.6866,1734.6,478.9,1768.1,506.3,offline
3436,0.6513,1553.5,486.9,1576.2,519.3,offline
3436,0.516,1574.9,490.8,1601.0,517.1,offline
3436,0.3554,1141.5,1006.2,1228.2,1080.0,offline
3436,0.3014,1825.2,463.4,1881.3,499.6,offline
3436,0.2112,187.3,239.6,213.0,293.7,offline
3436,0.1584,313.4,123.3,346.4,205.4,offline
3437,0.7269,1667.7,481.1,1702.5,516.6,offline
3437,0.7129,273.7,162.7,302.8,222.5,offline
3437,0.6777,1520.7,493.0,1542.5,522.3,offline
3437,0.6713,1699.1,483.6,1729.2,510.0,offline
3437,0.6561,928.4,860.2,957.4,901.3,offline
3437,0.5216,1538.9,496.2,1563.8,522.4,offline
3437,0.4063,124.7,56.2,154.1,105.8,offline
3437,0.3516,1118.5,1001.8,1206.5,1079.9,offline
3437,0.2927,77.5,140.7,104.2,187.7,offline
3437,0.2895,150.6,259.9,177.5,310.8,offline
3437,0.2889,232.4,67.2,265.5,132.7,offline
3437,0.157,267.4,3.7,290.8,55.8,offline
3437,0.1065,184.6,164.1,207.6,207.8,offline
3438,0.6928,1652.5,453.1,1685.2,490.5,offline
3438,0.6036,1682.8,455.9,1713.9,486.0,offline
3438,0.6019,1501.3,470.1,1525.9,503.3,offline
3438,0.5168,1111.6,1009.0,1193.2,1080.0,offline
3438,0.4088,216.6,171.6,246.6,235.4,offline
3438,0.3628,1766.6,432.3,1810.4,472.4,offline
3438,0.362,1523.1,476.6,1551.2,504.0,offline
3438,0.2705,123.7,175.0,149.2,224.3,offline
3438,0.2216,88.3,269.9,117.2,323.5,offline
3438,0.2011,165.9,63.7,197.5,136.1,offline
3438,0.1205,1500.9,469.4,1546.7,507.1,offline
3438,0.1107,198.1,1.7,225.9,49.8,offline
3439,0.7642,935.8,732.7,964.2,780.9,offline
3439,0.4333,1722.6,282.2,1759.0,329.1,offline
3439,0.4129,1551.8,326.4,1578.9,367.1,offline
3439,0.3504,1809.4,251.9,1854.7,316.2,offline
3439,0.3431,1175.3,257.1,1197.7,292.6,offline
3439,0.3007,1840.5,242.8,1891.5,307.1,offline
3439,0.1785,101.9,55.1,130.4,107.7,offline
3439,0.1556,617.8,0.0,641.2,38.3,offline
3439,0.1304,204.4,59.6,236.5,122.2,offline
3440,0.6583,1753.4,258.7,1794.2,301.1,offline
3440,0.5814,240.1,22.9,274.6,81.0,offline
3440,0.5591,1787.2,260.4,1822.3,291.6,offline
3440,0.5398,1587.0,283.6,1613.3,319.3,offline
3440,0.5046,1607.4,289.5,1639.0,319.2,offline
3440,0.1379,1587.8,284.0,1637.7,323.9,offline
3440,0.1238,967.3,924.6,1000.0,979.1,offline
3440,0.1115,140.8,18.6,167.1,59.2,offline
3441,0.3388,1898.1,237.2,1919.8,278.5,offline
3441,0.3357,1500.8,369.6,1541.5,415.3,offline
3441,0.2873,256.8,42.3,282.7,100.2,offline
3442,0.7184,1825.0,226.1,1854.5,274.0,offline
3442,0.6544,982.3,919.9,1010.3,968.8,offline
3442,0.5892,1648.3,269.3,1673.9,300.4,offline
3442,0.3946,1382.0,263.0,1408.2,300.9,offline
3442,0.3466,726.4,946.7,763.3,1042.2,offline
3442,0.3348,1001.7,677.0,1075.1,814.3,offline
3443,0.6716,996.9,927.8,1025.2,987.4,offline
3443,0.6319,1839.9,233.4,1884.0,281.7,offline
3443,0.6004,1634.0,263.1,1667.5,320.7,offline
3443,0.4995,1644.1,274.6,1687.7,325.3,offline
3444,0.7405,1850.6,244.5,1889.5,290.6,offline
3444,0.6626,1887.3,244.9,1916.5,281.9,offline
3444,0.5954,1702.8,278.6,1731.2,315.0,offline
3444,0.4678,292.1,23.9,320.1,80.4,offline
3444,0.3174,1242.7,824.4,1336.7,940.6,offline
3445,0.6399,1669.8,323.1,1697.4,357.8,offline
3445,0.4132,190.1,7.7,218.3,67.0,offline
3445,0.1446,155.4,104.2,184.3,164.6,offline
3446,0.4078,1672.1,193.4,1792.6,352.3,offline
3446,0.3039,1667.9,184.4,1903.2,353.2,offline
3446,0.2289,321.1,8.5,351.6,80.7,offline
3446,0.1136,1006.5,946.7,1032.8,985.7,offline
3447,0.3505,125.1,656.8,181.9,699.4,offline
3447,0.1965,204.6,41.6,233.6,103.5,offline
3448,0.6034,1022.9,902.5,1052.1,954.5,offline
3449,0.3795,617.7,588.6,637.7,639.4,offline
3449,0.2579,1464.7,794.1,1546.4,912.5,offline
3449,0.1661,1403.7,252.8,1431.8,284.1,offline
3449,0.113,769.3,491.3,788.2,546.8,offline
3450,0.4318,1795.9,333.6,1855.6,387.3,offline
3450,0.4011,1811.2,143.2,1866.5,220.7,offline
3450,0.3274,1797.8,246.3,1893.4,389.0,offline
3451,0.413,1833.0,283.1,1863.4,314.1,offline
3451,0.355,1853.7,289.5,1890.5,320.9,offline
3451,0.2335,154.4,469.8,270.0,790.9,offline
3451,0.2034,1275.4,814.5,1379.9,920.1,offline
3451,0.1939,1477.8,812.6,1547.1,925.6,offline
3452,0.4287,1792.5,406.3,1858.0,466.9,offline
3452,0.4276,1015.7,896.3,1043.1,938.6,offline
3452,0.353,1857.9,330.0,1901.6,374.5,offline
3453,0.5784,988.7,920.5,1018.0,975.9,offline
3453,0.5109,1796.8,361.2,1830.2,408.4,offline
3453,0.3516,1819.6,368.9,1855.5,410.9,offline
3453,0.3177,1164.3,946.2,1193.9,976.4,offline
3454,0.2063,1214.8,931.4,1319.9,1071.5,offline
3455,0.549,1767.8,440.6,1869.3,578.6,offline
3455,0.4575,1788.2,341.6,1920.0,475.0,offline
3455,0.404,1768.6,341.3,1920.0,578.3,offline
3455,0.2943,1222.2,940.3,1327.5,1079.5,offline
3455,0.2209,1431.2,947.4,1501.7,1073.0,offline
3455,0.1604,480.1,719.7,522.1,795.1,offline
3456,0.6066,1789.3,320.6,1920.0,480.8,offline
3456,0.5224,1246.2,958.6,1338.8,1080.0,offline
3456,0.4144,1778.7,440.0,1880.8,579.6,offline
3457,0.5647,1760.8,308.6,1920.0,560.6,offline
3457,0.4066,1759.7,489.5,1814.6,561.5,offline
3457,0.3731,1442.1,932.2,1510.4,1052.0,offline
3457,0.3179,1760.3,440.1,1850.3,561.4,offline
3457,0.1918,1232.6,931.5,1335.5,1076.0,offline
3459,0.6274,1778.2,229.6,1807.2,274.3,offline
3459,0.4674,1801.8,236.8,1834.5,278.9,offline
3459,0.1631,1229.0,762.2,1318.6,849.2,offline
3459,0.163,1431.7,757.4,1493.3,864.2,offline
3460,0.5988,1018.8,440.0,1043.5,480.5,offline
3460,0.3746,1778.3,43.0,1808.5,87.1,offline
3460,0.1739,1422.1,587.9,1479.5,688.5,offline
3461,0.4896,1750.7,0.9,1876.0,176.2,offline
3461,0.2574,1430.0,588.0,1493.2,703.4,offline
3461,0.2047,1383.5,6.8,1418.6,64.1,offline
3462,0.7897,1037.2,496.7,1071.2,559.6,offline
3462,0.3922,1773.6,0.2,1907.2,122.7,offline
3462,0.3334,1185.5,743.4,1207.8,783.6,offline
3462,0.237,1249.9,664.7,1341.1,762.9,offline
3462,0.2285,1455.5,650.8,1522.1,766.0,offline
3463,0.3803,1242.2,712.9,1347.4,824.1,offline
3463,0.3543,1449.7,695.4,1516.3,814.5,offline
3463,0.1669,1625.6,674.0,1675.5,733.4,offline
3464,0.7268,1732.2,181.9,1765.2,237.1,offline
3464,0.5977,1753.6,187.2,1792.5,234.4,offline
3465,0.494,970.0,816.1,1000.9,872.1,offline
3465,0.4289,1749.1,165.6,1779.1,208.1,offline
3465,0.2262,1434.4,712.5,1501.2,831.7,offline
3466,0.7227,1726.4,69.7,1757.7,115.2,offline
3466,0.6238,1750.2,74.4,1783.7,114.0,offline
3466,0.3117,1570.5,586.0,1625.0,640.0,offline
3466,0.1885,1408.8,612.9,1479.4,734.7,offline
3467,0.7078,1728.4,33.7,1761.7,90.0,offline
3467,0.5894,1750.8,39.0,1785.0,90.9,offline
3467,0.3399,1571.8,581.5,1635.6,638.9,offline
3468,0.7321,968.9,775.8,998.5,833.9,offline
3468,0.429,1738.5,102.6,1768.1,143.7,offline
3468,0.3468,1761.6,106.0,1795.8,142.5,offline
3469,0.7959,965.3,829.5,996.1,895.2,offline
3469,0.2193,1425.2,725.9,1504.7,840.3,offline
3470,0.5404,1744.5,184.8,1774.8,227.7,offline
3470,0.1782,1212.6,765.4,1306.2,869.8,offline
3471,0.4955,1749.2,195.9,1779.3,236.4,offline
3471,0.4932,1722.3,189.5,1753.8,231.2,offline
3471,0.1852,1431.9,760.7,1504.7,885.3,offline
3472,0.3933,1716.5,186.0,1748.0,218.1,offline
3472,0.2964,1240.8,785.4,1359.4,945.2,offline
3473,0.7226,992.1,873.9,1025.5,937.7,offline
3473,0.5451,1766.9,180.9,1802.2,226.4,offline
3473,0.5264,1734.3,175.3,1775.7,232.6,offline
3474,0.6224,1009.7,869.1,1043.0,930.5,offline
3474,0.4925,1803.5,157.7,1838.8,211.0,offline
3474,0.4336,1770.2,154.4,1810.5,218.3,offline
3475,0.7398,1011.7,813.6,1045.9,879.4,offline
3475,0.3956,1820.5,95.2,1853.0,140.8,offline
3475,0.3433,1779.0,92.2,1821.4,131.9,offline
3475,0.218,1690.3,674.7,1744.9,727.3,offline
3476,0.8442,1034.5,483.2,1069.2,544.9,offline
3476,0.5981,1013.7,755.0,1045.1,809.1,offline
3476,0.466,1677.6,588.5,1745.7,639.9,offline
3476,0.3163,1780.4,0.4,1904.4,170.1,offline
3476,0.2369,1320.7,655.2,1381.3,759.9,offline
3476,0.2353,1283.4,671.5,1330.3,743.4,offline
3476,0.2244,1502.7,632.2,1581.0,750.0,offline
3477,0.7419,1004.7,741.1,1038.3,801.1,offline
3477,0.1534,1324.8,650.8,1385.3,742.7,offline
3477,0.1501,1374.9,14.0,1409.1,74.1,offline
3478,0.4088,1695.3,592.9,1757.7,643.0,offline
3478,0.2578,1510.3,619.0,1597.6,744.7,offline
3480,0.3452,1556.4,597.1,1640.2,734.3,offline
3480,0.2256,1034.3,741.1,1066.5,790.3,offline
3481,0.3445,1843.9,71.1,1902.1,126.0,offline
3482,0.6337,1226.0,799.9,1356.5,986.8,offline
3482,0.4999,1461.0,787.7,1550.9,924.3,offline
3483,0.3886,1000.2,616.1,1032.7,639.9,offline
3483,0.3729,1485.8,817.5,1577.4,960.7,offline
3483,0.3261,1855.8,220.0,1904.1,266.6,offline
3483,0.3019,1674.5,805.5,1746.3,874.2,offline
3483,0.2546,1246.7,825.8,1349.6,946.3,offline
3484,0.6384,1033.5,617.8,1070.5,639.9,offline
3484,0.3692,1845.3,320.5,1920.0,386.0,offline
3484,0.3395,1438.6,169.1,1471.2,242.3,offline
3484,0.3186,1509.5,828.6,1601.8,964.2,offline
3485,0.2462,1766.4,784.9,1845.1,860.7,offline
3485,0.2039,1562.7,795.5,1646.1,943.5,offline
3485,0.1011,1563.6,796.2,1630.5,880.1,offline
3486,0.4132,1587.9,770.9,1680.0,920.2,offline
3486,0.1914,1331.2,771.9,1441.1,902.7,offline
3486,0.155,1803.3,762.9,1871.7,828.3,offline
3487,0.7806,1036.1,832.2,1071.4,896.7,offline
3487,0.325,1614.2,769.8,1697.0,910.9,offline
3487,0.2936,1836.4,764.4,1909.7,840.8,offline
3488,0.7625,1025.8,896.4,1061.6,959.3,offline
3488,0.2992,1347.6,836.2,1469.1,954.2,offline
3488,0.2825,1615.3,837.2,1702.2,975.6,offline
3489,0.6872,941.1,616.2,981.3,639.9,offline
3489,0.3982,1855.2,152.6,1899.4,209.0,offline
3489,0.1681,1226.5,842.1,1339.9,967.1,offline
3491,0.3771,1679.9,751.3,1759.1,820.4,offline
3491,0.3649,1851.2,51.5,1920.0,153.3,offline
3491,0.3287,881.1,927.2,920.0,1009.8,offline
3491,0.2002,1203.4,793.0,1322.8,954.2,offline
3491,0.1987,1464.5,773.0,1582.1,951.6,offline
3492,0.433,1815.3,86.9,1880.9,151.3,offline
3492,0.3576,1686.3,725.1,1769.1,813.1,offline
3493,0.4389,1774.9,156.8,1844.7,258.0,offline
3493,0.3535,1823.1,43.0,1875.9,103.0,offline
3493,0.3049,1775.0,0.3,1910.0,257.9,offline
3494,0.3996,1721.8,624.6,1806.3,746.4,offline
3494,0.3033,1855.5,6.3,1916.0,67.5,offline
3494,0.216,1231.9,722.5,1381.1,849.3,offline
3494,0.1948,1501.3,674.2,1576.6,779.4,offline
3495,0.2235,1252.4,658.4,1375.3,814.4,offline
3495,0.215,1524.2,620.3,1633.3,803.3,offline
3496,0.5446,916.5,768.9,955.9,864.9,offline
3496,0.3568,1768.3,585.4,1858.6,667.7,offline
3497,0.5765,1537.3,619.8,1657.2,784.4,offline
3497,0.4368,1255.5,645.1,1419.3,864.2,offline
3497,0.3709,1781.7,589.2,1872.8,660.6,offline
3497,0.2918,916.4,770.3,956.3,864.0,offline
3498,0.4958,905.3,770.1,948.5,869.7,offline
3498,0.1883,1789.2,617.5,1884.2,700.1,offline
3499,0.9007,969.8,440.9,1018.3,572.4,offline
3499,0.2216,1567.8,678.6,1678.4,864.1,offline
3499,0.1759,1471.3,940.3,1498.2,994.5,offline
3500,0.723,912.3,815.7,956.5,899.5,offline
3500,0.4136,1597.2,714.1,1703.8,894.4,offline
3500,0.28,1290.7,724.0,1423.1,870.5,offline
3501,0.7644,927.2,821.9,971.0,911.5,offline
3501,0.7157,1619.5,735.3,1739.2,924.8,offline
3501,0.2183,1308.9,737.8,1445.1,882.7,offline
3501,0.1908,1877.4,737.7,1919.7,827.3,offline
3502,0.432,943.7,815.6,988.1,902.6,offline
3502,0.2023,1895.4,780.1,1919.7,824.5,offline
3502,0.1441,1544.4,991.5,1572.6,1055.2,offline
3503,0.5784,968.6,807.7,1012.3,897.3,offline
3503,0.1001,1564.9,991.6,1594.7,1048.7,offline
3504,0.4987,1374.7,711.4,1523.5,877.0,offline
3504,0.2719,1702.5,710.0,1803.5,824.0,offline
3505,0.41,1072.5,440.4,1099.7,502.5,offline
3505,0.1903,1372.6,659.5,1518.4,804.0,offline
3505,0.1673,1700.2,655.8,1794.5,758.4,offline
3506,0.3949,196.2,1054.6,288.7,1080.0,offline
3506,0.3232,1682.1,528.2,1785.8,631.0,offline
3506,0.2686,1360.2,537.6,1512.3,686.4,offline
3507,0.3325,194.6,1003.6,281.3,1058.4,offline
3507,0.3315,1354.2,477.9,1506.7,626.8,offline
3507,0.1832,1682.2,461.3,1779.5,562.8,offline
3508,0.3814,1672.2,437.8,1782.9,611.7,offline
3508,0.2896,1350.7,461.2,1495.8,606.8,offline
3508,0.1621,1672.8,438.3,1764.2,542.9,offline
3509,0.8785,998.2,280.1,1046.9,396.6,offline
3510,0.3564,1301.8,559.1,1445.9,713.8,offline
3510,0.2019,265.7,332.5,297.4,381.8,offline
3511,0.3788,1860.3,486.6,1919.7,573.4,offline
3511,0.1254,1175.1,648.8,1224.9,705.3,offline
3512,0.7024,891.9,552.9,938.7,633.8,offline
3512,0.4083,1269.9,440.1,1404.1,561.4,offline
3512,0.2059,1575.0,359.6,1706.5,544.9,offline
3513,0.5241,1820.0,286.1,1919.7,393.5,offline
3514,0.2808,1264.8,459.4,1408.2,599.5,offline
3514,0.1592,1581.9,404.2,1676.4,517.8,offline
3515,0.3353,1836.0,440.1,1920.0,494.9,offline
3516,0.6174,881.5,588.1,928.6,672.5,offline
3516,0.4493,1838.7,328.9,1919.7,429.0,offline
3517,0.6022,1291.6,440.0,1425.6,500.9,offline
3517,0.5161,1869.5,240.6,1920.0,329.1,offline
3517,0.2235,1175.0,487.5,1222.2,541.3,offline
3517,0.1885,1747.3,257.9,1761.6,283.6,offline
3517,0.1136,1614.8,274.5,1695.3,400.0,offline
3518,0.3844,894.9,443.8,941.4,531.4,offline
3518,0.201,1285.7,290.6,1431.2,441.7,offline
3518,0.17,1887.5,236.9,1919.6,304.3,offline
3518,0.1083,1547.0,518.8,1572.2,581.6,offline
3519,0.1648,1306.2,401.7,1458.0,583.1,offline
3519,0.1437,1215.9,557.2,1272.8,624.1,offline
3521,0.9029,953.1,328.2,1005.5,439.2,offline
3522,0.1546,1316.0,578.8,1471.8,747.4,offline
3523,0.3709,966.7,440.0,1004.6,472.6,offline
3523,0.2599,1381.2,585.7,1471.7,761.1,offline
3524,0.4575,956.3,440.0,1005.1,474.4,offline
3524,0.2007,1321.9,587.5,1474.7,769.8,offline
3524,0.1664,176.6,365.8,209.7,412.2,offline
3526,0.3691,1374.6,594.6,1469.6,752.8,offline
3529,0.4407,943.1,440.0,987.7,477.9,offline
3529,0.3225,1375.3,609.0,1469.3,798.1,offline
3529,0.3052,1670.3,579.0,1772.9,695.2,offline
3529,0.1261,129.1,352.4,157.9,397.1,offline
3530,0.3882,1695.7,631.5,1798.9,769.0,offline
3530,0.3029,1326.3,662.6,1492.8,864.9,offline
3530,0.2804,859.3,835.4,911.8,929.6,offline
3531,0.279,1324.6,711.2,1486.9,896.8,offline
3532,0.555,1317.4,717.3,1482.6,905.9,offline
3532,0.3419,1682.6,688.0,1806.9,825.7,offline
3532,0.2594,127.9,423.5,167.1,480.2,offline
3532,0.1025,1367.1,152.4,1404.2,241.3,offline
3533,0.1218,406.2,136.3,426.3,174.2,offline
3536,0.3384,98.5,432.8,136.7,482.7,offline
3537,0.4812,1276.9,516.3,1449.3,727.6,offline
3538,0.2609,1373.6,507.9,1478.7,700.2,offline
3539,0.2224,1394.6,465.5,1504.3,694.4,offline
3540,0.5195,1427.8,490.1,1535.0,685.6,offline
3541,0.4878,8.9,246.6,40.1,304.5,offline
3541,0.2026,678.0,1.2,709.7,87.4,offline
3542,0.1789,392.9,87.7,421.5,152.6,offline
3542,0.1424,39.6,235.2,81.0,288.8,offline
3543,0.1882,1877.5,549.3,1919.6,636.8,offline
3543,0.1216,740.9,0.5,771.1,83.8,offline
3545,0.7075,1473.0,552.0,1705.2,776.6,offline
3545,0.4535,122.4,213.3,159.3,261.3,offline
3546,0.2982,1492.3,559.5,1712.9,782.7,offline
3550,0.2096,788.6,919.5,827.4,1000.3,offline
3551,0.4375,1525.5,618.8,1774.9,847.2,offline
3552,0.1345,149.7,180.3,191.1,225.5,offline
3553,0.7456,1526.5,604.1,1769.1,858.4,offline
3554,0.5689,1513.4,566.3,1761.8,814.9,offline
3560,0.1287,223.2,11.3,253.9,74.7,offline
3562,0.1121,760.3,557.9,827.6,647.8,offline
3563,0.8937,865.9,0.1,948.9,175.6,offline
3565,0.34,1492.6,440.2,1726.3,521.9,offline
3567,0.8707,985.7,0.3,1056.6,150.9,offline
3567,0.1007,286.8,112.6,321.9,171.9,offline
3571,0.856,960.0,0.2,1021.0,134.3,offline
3572,0.4088,935.1,0.1,986.7,21.4,offline
3576,0.6786,858.4,0.1,912.9,62.2,offline
3577,0.7246,839.6,0.0,908.2,75.7,offline
3577,0.4408,1399.2,140.4,1666.2,419.6,offline
3581,0.5993,1416.8,0.8,1750.7,271.7,offline
3581,0.4719,1417.7,0.2,1675.7,135.7,offline
3584,0.674,869.3,0.0,927.1,63.5,offline
3588,0.1298,38.5,310.4,89.6,365.8,offline
3589,0.1481,142.8,82.7,177.0,146.8,offline
3596,0.8845,719.3,1.1,808.2,156.7,offline
3597,0.8089,745.4,0.0,828.9,94.8,offline
3597,0.6897,1535.1,440.4,1895.7,620.0,offline
3598,0.4082,820.1,0.5,852.5,102.2,offline
3599,0.4067,1568.2,274.9,1920.0,695.4,offline
3600,0.8407,822.5,0.3,897.0,130.1,offline
3601,0.3866,1636.7,416.2,1919.5,822.2,offline
3602,0.6478,1707.5,434.8,1919.5,798.9,offline
3603,0.8925,936.8,1.2,1019.1,172.7,offline
3604,0.8922,944.0,0.9,1026.0,176.3,offline
3604,0.4492,1798.0,514.4,1919.7,771.5,offline
3605,0.8836,942.9,1.1,1031.2,162.4,offline
3605,0.7111,1815.3,500.2,1919.8,759.7,offline
3606,0.8623,944.6,1.4,1024.4,140.3,offline
3606,0.4426,1822.8,501.5,1920.0,712.7,offline
3607,0.702,944.6,0.1,1019.9,77.1,offline
3607,0.6806,1838.6,415.9,1919.8,643.4,offline
3608,0.5541,1826.3,386.0,1919.8,601.7,offline
3608,0.4529,934.8,0.0,1005.7,41.9,offline
3609,0.105,1488.6,626.8,1522.5,673.5,offline
3610,0.1116,1835.9,187.3,1919.2,347.6,offline
3611,0.2409,1829.3,32.7,1919.6,222.4,offline
3614,0.2632,1767.4,76.9,1919.5,381.2,offline
3614,0.16,953.8,644.5,1045.2,693.4,offline
3615,0.5717,1776.3,117.8,1919.7,420.1,offline
3617,0.5755,1799.8,17.9,1919.7,300.3,offline
3618,0.5133,1819.0,0.6,1920.0,212.4,offline
3621,0.1994,1866.8,93.6,1919.7,275.8,offline
3634,0.1807,1892.2,724.8,1919.6,757.6,offline
